,Sucrose_uptake_gcdw,O2_conc,ATPM_pred,ETS_path,Growth_rate_exp,Growth_rate_pred,Oxygen_consumption_pred,ATP_production,ATPM_ATP_prect,growth_yeild_suc_pred,growth_yeild_suc_exp,growth_yeild_o2_pred,growth_yeild_o2_exp
0,2.01,12,16.258129064532266,NII_BD_F,0.06,0.09439548393942629,19.432740837876043,39.35247090346681,0.41314125114059824,46.962927333047915,29.85074626865672,4.857548645708358,3.0875726949980704
1,2.24,12,16.258129064532266,NII_BD_F,0.07,0.1125318788473991,21.292168271768485,43.3210773528406,0.3752937382446286,50.23744591401745,31.25,5.28513007276043,3.2875937812690386
2,2.24,12,16.258129064532266,NII_BD_F,0.1,0.1125318788473991,21.292168271768485,43.321077352840604,0.3752937382446285,50.23744591401745,44.64285714285714,5.28513007276043,4.696562544670055
3,2.4,12,16.258129064532266,NII_BD_F,0.12,0.12514850139207223,22.585683008389303,45.67134799650294,0.3559809328548208,52.14520891336343,50.0,5.541054540860538,5.313100336856175
4,3.79,12,16.258129064532266,NII_BD_F,0.18,0.23475540974895223,33.8230922827828,69.29601365134864,0.2346185329841964,61.9407413585626,47.4934036939314,6.9406844231227005,5.321807908487025
5,4.91,12,16.258129064532266,NII_BD_F,0.26,0.3230717675616861,42.877695439128615,88.33171547395806,0.18405766238430504,65.79873066429451,52.95315682281059,7.5347278871443875,6.0637587290368575
6,5.49,12,16.258129064532266,NII_BD_F,0.27,0.3688070242861403,47.56668635937911,98.18948963209509,0.16557911773907408,67.17796435084523,49.18032786885246,7.753473124020118,5.676241518277674
7,5.1,12,16.258129064532266,NII_BD_F,0.28,0.3380540068334914,44.41374418886583,91.56098631886499,0.17756611978722736,66.28509937911596,54.90196078431374,7.61147282237553,6.304354769310212
8,5.57,48,78.78939469734868,NII_BD_F,0.05,0.12857365564281062,60.45560510875439,119.05843498862794,0.6617707909974996,23.083241587578208,8.976660682226212,2.1267449959605527,0.8270531724900336
9,4.83,48,78.78939469734868,NII_BD_F,0.06,0.07022177637368497,54.47309945188304,106.14639805539794,0.7422710156987936,14.538670056663555,12.422360248447204,1.2891092498915542,1.101461099216485
10,4.64,48,78.78939469734868,NII_BD_F,0.06,0.055239537101884145,52.93705070214577,102.8311453292983,0.7662016643405049,11.905072651268135,12.931034482758621,1.0434947993739485,1.1334216622228244
11,6.53,48,78.78939469734868,NII_BD_F,0.12,0.20427339091087512,68.21669352847931,135.80918560471014,0.5801477591263614,31.28229569844948,18.376722817764165,2.99447804261569,1.7591002112980165
12,7.34,48,78.78939469734868,NII_BD_F,0.24,0.2681450425432957,74.7651118826224,149.2833097345415,0.5277843506916716,36.53202214486317,32.6975476839237,3.586499582375673,3.21005337859707
13,8.35,48,78.78939469734868,NII_BD_F,0.25,0.34778747235656887,82.9304236575413,166.71066849048702,0.4726115935516426,41.65119429419987,29.940119760479043,4.193725981586044,3.0145752182862044
14,8.27,48,78.78939469734868,NII_BD_F,0.26,0.34147916108423215,82.28366628923091,165.330283638531,0.4765575487042015,41.29131331127354,31.438935912938334,4.1500236496988,3.159800866019848
15,7.27,108,110.80540270135069,NII_BD_F,0.07,0.13639593006317713,80.46718581245597,157.60774810725454,0.703045402475682,18.761475937163294,9.628610729023386,1.6950503324556885,0.8699198225118533
16,7.31,108,110.80540270135069,NII_BD_F,0.08,0.13955008569934782,80.79056449661113,158.30569604959123,0.6999457724290572,19.090299001278773,10.943912448700411,1.7273067290574686,0.9902146432378959
17,7.85,108,110.80540270135069,NII_BD_F,0.1,0.18213118678763823,85.15617673270636,167.7279932711374,0.660625579191366,23.20142506848895,12.738853503184716,2.138790088701648,1.1743129369685819
18,7.5,108,110.80540270135069,NII_BD_F,0.12,0.15453232497116243,82.32661324634823,161.62094877569072,0.6855881217176523,20.604309996154992,16.0,1.8770640364951128,1.4576088492905768
19,8.74,108,110.80540270135069,NII_BD_F,0.13,0.2523111496923917,92.35135245515984,183.2573349881304,0.6046437525053366,28.86855259638349,14.874141876430206,2.7320785563470613,1.4076675278049668
20,9.32,108,110.80540270135069,NII_BD_F,0.17,0.2980464064168368,97.0403433754104,193.37758015201337,0.5730002548084788,31.979228156312956,18.240343347639485,3.0713659499721064,1.7518487062884536
21,9.97,108,110.80540270135069,NII_BD_F,0.2,0.34930143550458986,102.29524699293249,203.8603631541819,0.5435357859023694,35.035249298354046,20.060180541624874,3.4146399346269027,1.9551250510575322
22,9.82,108,110.80540270135069,NII_BD_F,0.22,0.3374733518689585,101.08257692735052,201.2721415567643,0.5505252830536436,34.365921778916345,22.40325865580448,3.338590706007677,2.176438380257333
23,9.7,108,110.80540270135069,NII_BD_F,0.23,0.3280108849604567,100.1124408748848,200.0080856042126,0.5540046161964609,33.81555515056255,23.71134020618557,3.276424808884515,2.297416764490257
24,10.36,108,110.80540270135069,NII_BD_F,0.26,0.38005445295724466,105.44818916344578,210.58973930746794,0.5261671488161689,36.6847927564908,25.0965250965251,3.6041818828027137,2.465665859818582
25,7.5,144,125.06253126563284,NII_BD_F,0.05,0.0983208219503866,85.11782604123111,165.57822969327609,0.7553078173217809,13.109442926718215,6.666666666666667,1.1551143458804969,0.5874210177287655
26,8.5,144,125.06253126563284,NII_BD_F,0.06,0.17717471285461595,93.20229314511128,183.026928251695,0.6833012631542902,20.844083865248933,7.058823529411764,1.900969459826099,0.6437609845777401
27,9.43,144,125.06253126563284,NII_BD_F,0.11,0.2505088313955338,100.72084755171998,199.25421791102474,0.627653118597863,26.565093467182802,11.66489925768823,2.487159684263955,1.092127426186671
28,11.4,144,125.06253126563284,NII_BD_F,0.21,0.4058509964768655,116.64724774636402,232.63023754274312,0.5376022162323333,35.60096460323381,18.421052631578945,3.4793019494068274,1.800299656076076
29,11.56,144,125.06253126563284,NII_BD_F,0.23,0.4184676190215422,117.94076248298478,235.3910072466552,0.5312969799843954,36.199621022624754,19.896193771626297,3.5481169547459404,1.9501315334736955
30,8.81,192,143.07153576788394,NII_BD_F,0.05,0.13061541521921824,99.23422042506078,193.43469543754418,0.7396374029191604,14.825813305246111,5.675368898978434,1.3162336002614718,0.5038584450588671
31,9.89,192,143.07153576788394,NII_BD_F,0.07,0.21577761739577278,107.96544489725147,212.2792898806367,0.6739778329215825,21.81775706731777,7.077856420626896,1.9985803569014509,0.6483555925381272
32,11.25,192,143.07153576788394,NII_BD_F,0.1,0.323018909025548,118.96032015852836,236.00951992008646,0.6062108673257265,28.712791913382045,8.88888888888889,2.715350030960643,0.8406164329983179
33,12.18,192,143.07153576788394,NII_BD_F,0.16,0.39635302756645857,126.47887456513705,252.23680957941605,0.5672111695610322,32.54129947179463,13.136288998357964,3.133748848803485,1.2650333943128145
34,12.48,192,143.07153576788394,NII_BD_F,0.17,0.42000919483773064,128.90421469630107,257.4714191469417,0.5556792914798496,33.65458291968996,13.621794871794872,3.2583045932770647,1.3188087014883167
35,13.95,192,143.07153576788394,NII_BD_F,0.21,0.5359244144669443,140.78838133900507,281.80326174285943,0.5077000701944828,38.41752075031859,15.053763440860216,3.806595468815634,1.4916003579467252
36,2.01,12,37.76888444222112,NII_CO_F,0.06,0.14356634955676623,16.991134727541873,69.81314491885931,0.5409996138423244,71.4260445556051,29.85074626865672,8.449485679379116,3.5312532660189357
37,2.24,12,37.76888444222112,NII_CO_F,0.07,0.1722393211604374,18.327362707464435,75.69869495018608,0.4989370618222036,76.89255408948097,31.25,9.397932692753832,3.819425692464206
38,2.24,12,37.76888444222112,NII_CO_F,0.1,0.1722393211604374,18.327362707464435,75.69869495018608,0.4989370618222036,76.89255408948097,44.64285714285714,9.397932692753832,5.456322417806008
39,2.4,12,37.76888444222112,NII_CO_F,0.12,0.19218573618907653,19.256912606541004,79.7929906241525,0.4733358675591347,80.07739007878189,50.0,9.98009079211362,6.231528514038099
40,3.79,12,37.76888444222112,NII_CO_F,0.18,0.3654702167503995,27.332377354768674,115.36218429173603,0.3273939781402587,96.43013634575185,47.4934036939314,13.371329248336899,6.585596183736115
41,4.91,12,37.76888444222112,NII_CO_F,0.26,0.5050951219508807,33.839226648304624,144.022254009501,0.26224339218944276,102.87069693500625,52.95315682281059,14.92631989496682,7.683390719953886
42,5.49,12,37.76888444222112,NII_CO_F,0.27,0.5774008764297013,37.20884503245717,158.8640758276293,0.23774339318349805,105.17320153546471,49.18032786885246,15.517839264455432,7.2563391786141125
43,5.1,12,37.76888444222112,NII_CO_F,0.28,0.528781489797385,34.94306715345805,148.88423012233613,0.25367954961507305,103.6826450583108,54.90196078431374,15.1326581457534,8.013034424549378
44,5.57,48,184.3421710855428,NII_CO_F,0.05,0.17208834424236724,58.294859548551905,232.23462453605913,0.7937755683667227,30.89557347259735,8.976660682226212,2.952032916367873,0.8577085593345777
45,4.83,48,184.3421710855428,NII_CO_F,0.06,0.07983617473490849,53.99569126532284,213.29850704396455,0.8642450134334351,16.52922872358354,12.422360248447204,1.4785656570745849,1.1111997752778702
46,4.64,48,184.3421710855428,NII_CO_F,0.06,0.056149806888396485,52.89185076016941,208.4365309311294,0.8844043328779649,12.101251484568207,12.931034482758621,1.0615965613114922,1.1343902536529016
47,6.53,48,184.3421710855428,NII_CO_F,0.12,0.29176683441421125,63.87215894301131,256.80039857985776,0.7178422311841448,44.68098536205379,18.376722817764165,4.5679814060228425,1.8787528398259978
48,7.34,48,184.3421710855428,NII_CO_F,0.24,0.39274556049670023,68.57800530708643,277.52777042931285,0.66422964015594,53.50756954995916,32.6975476839237,5.726990144114272,3.4996643446437465
49,8.35,48,184.3421710855428,NII_CO_F,0.25,0.518657305364993,74.44578904500722,303.37301187122586,0.607641958487037,62.114647349100956,29.940119760479043,6.966912595303834,3.3581483010255835
50,8.27,48,184.3421710855428,NII_CO_F,0.26,0.5086840978506695,73.98101409546894,301.32586403424267,0.6117701567914334,61.50956443176173,31.438935912938334,6.87587354769478,3.5144151939372246
51,7.27,108,259.6298149074537,NII_CO_F,0.07,0.1707067041773215,78.76346563841356,312.37191481308804,0.8311560758040835,23.48097719082827,9.628610729023386,2.1673335828187135,0.8887369217773533
52,7.31,108,259.6298149074537,NII_CO_F,0.08,0.1756933079344784,78.99585311318272,313.39548873157963,0.8284414557410055,24.034652248218663,10.943912448700411,2.224082670298537,1.0127113873354665
53,7.85,108,259.6298149074537,NII_CO_F,0.1,0.24301245865614265,82.1330840225661,327.2137366312162,0.793456343185456,30.957001102693333,12.738853503184716,2.958764565438391,1.2175361632898745
54,7.5,108,259.6298149074537,NII_CO_F,0.12,0.19937967578098864,80.09969361833612,318.25746484441464,0.8157854680152686,26.583956770798487,16.0,2.4891440500509905,1.498133071167329
55,8.74,108,259.6298149074537,NII_CO_F,0.13,0.35396439225295717,87.30370533617952,349.98825631765465,0.7418243618774732,40.49935838134522,14.874141876430206,4.054402855983603,1.4890547829489056
56,9.32,108,259.6298149074537,NII_CO_F,0.17,0.42627014673177394,90.67332372033201,364.83007813578274,0.7116458605444929,45.73714020727188,18.240343347639485,4.701163795942223,1.8748623412585934
57,9.97,108,259.6298149074537,NII_CO_F,0.2,0.5073024577856199,94.44962018533059,381.4631543112713,0.6806157081572223,50.88289446194783,20.060180541624874,5.371143439117942,2.1175310139686827
58,9.82,108,259.6298149074537,NII_CO_F,0.22,0.4886026936962738,93.5781671549463,377.6247521169279,0.6875338903289417,49.75587512182014,22.40325865580448,5.221332160601604,2.3509757317187567
59,9.7,108,259.6298149074537,NII_CO_F,0.23,0.4736428824247976,92.88100473063885,374.554030361453,0.6931705277791435,48.82916313657708,23.71134020618557,5.099459074526528,2.4762867355603597
60,10.36,108,259.6298149074537,NII_CO_F,0.26,0.5559218444179337,96.71539806432969,391.44300001656444,0.6632633995152988,53.66040969285074,25.0965250965251,5.74801795313054,2.6882999522688467
61,7.5,144,293.14657328664333,NII_CO_F,0.05,0.10441672506422008,84.81513065232693,334.56691146006983,0.8761971469543546,13.922230008562677,6.666666666666667,1.2311096411823468,0.5895174553813911
62,8.5,144,293.14657328664333,NII_CO_F,0.06,0.22908181899321642,90.62481752155546,360.15625942236005,0.8139427418443571,26.95080223449605,7.058823529411764,2.5278044718680777,0.6620702986323671
63,9.43,144,293.14657328664333,NII_CO_F,0.11,0.34502035634719536,96.02782630993802,383.9543530272901,0.7634932928232944,36.58752453310662,11.66489925768823,3.592920610673959,1.1455013013099515
64,11.4,144,293.14657328664333,NII_CO_F,0.21,0.5906105913873204,107.47290944231817,434.3653685130015,0.674884773365326,51.80794661292284,18.421052631578945,5.495436891510853,1.9539807853876812
65,11.56,144,293.14657328664333,NII_CO_F,0.23,0.6105570064159689,108.40245934139476,438.4596641869681,0.6685827619519402,52.81635003598346,19.896193771626297,5.632316924592323,2.121723080798885
66,8.81,192,334.9174587293647,NII_CO_F,0.05,0.14937864908361578,98.30252182919874,388.4149094161505,0.8622672575385918,16.955578783611326,5.675368898978434,1.5195810474034648,0.5086339502752057
67,9.89,192,334.9174587293647,NII_CO_F,0.07,0.28401695052694714,104.57698364796555,416.05140521542404,0.8049905721528577,28.717588526486058,7.077856420626896,2.715864816707901,0.6693633489720736
68,11.25,192,334.9174587293647,NII_CO_F,0.1,0.45356147827037724,112.47815779011633,450.85291844413854,0.7428530348326037,40.31657584625576,8.88888888888889,4.032440494951212,0.8890615028261709
69,12.18,192,334.9174587293647,NII_CO_F,0.16,0.5695000156243449,117.88116657849886,474.65101204906836,0.7056078049502645,46.75697993631732,13.136288998357964,4.831136577233533,1.3572990889384655
70,12.48,192,334.9174587293647,NII_CO_F,0.17,0.606899543803056,119.62407263926745,482.3278164377556,0.6943772416090495,48.62977113806539,13.621794871794872,5.0733897485098405,1.4211186448453712
71,13.95,192,334.9174587293647,NII_CO_F,0.21,0.7901572318786801,128.16431233703332,519.9441579423218,0.6441412094229504,56.64209547517421,15.053763440860216,6.165189181531329,1.638521645930293
72,2.01,12,16.258129064532266,NII_BD_R,0.06,0.0840046617363511,19.948702773137843,37.47407021456707,0.43385009878676967,41.79336404793588,29.85074626865672,4.21103380463759,3.007714370319542
73,2.24,12,16.258129064532266,NII_BD_R,0.07,0.10014464699601491,21.907263015347606,41.08177574720677,0.3957503970757079,44.70743169464951,31.25,4.571298885025319,3.1952873323773945
74,2.24,12,16.258129064532266,NII_BD_R,0.1,0.10014464699601491,21.907263015347606,41.08177574720677,0.3957503970757079,44.70743169464951,44.64285714285714,4.571298885025319,4.564696189110563
75,2.4,12,16.258129064532266,NII_BD_R,0.12,0.1113724628288236,23.269739705580538,43.22617160831717,0.3761177189562637,46.40519284534317,50.0,4.786149919937193,5.156912003240915
76,3.79,12,16.258129064532266,NII_BD_R,0.18,0.2089141128763616,35.10625595197865,64.70931562035337,0.25124866348329156,55.122457223314406,47.4934036939314,5.950908384025122,5.127291279543436
77,4.91,12,16.258129064532266,NII_BD_R,0.26,0.28750882370601616,44.64359278360905,82.01947482429613,0.19822278915295152,58.55576857556337,52.95315682281059,6.440091528914209,5.823904031654445
78,5.49,12,16.258129064532266,NII_BD_R,0.27,0.3282096560999515,49.58257078570324,90.98366441205222,0.1786928364514039,59.78317961747751,49.18032786885246,6.619456210096074,5.445461897628198
79,5.1,12,16.258129064532266,NII_BD_R,0.28,0.30084185500747707,46.2615338532606,84.95601968925068,0.19137112501269143,58.98859902107394,54.90196078431374,6.503067018091817,6.0525446667667095
80,5.57,48,78.78939469734868,NII_BD_R,0.05,0.11442058454205821,61.15838356192411,116.46511390243252,0.6765063979875872,20.542295249920684,8.976660682226212,1.8708896128068042,0.8175494034987695
81,4.83,48,78.78939469734868,NII_BD_R,0.06,0.06249193631531861,54.856928869596956,104.73003004074127,0.7523094824540644,12.93828909219847,12.422360248447204,1.1391803661461106,1.093754266532654
82,4.64,48,78.78939469734868,NII_BD_R,0.06,0.049158905013858896,53.238987799945384,101.71696796814487,0.7745944090864317,10.594591597814418,12.931034482758621,0.9233628783210888,1.1269936277800825
83,6.53,48,78.78939469734868,NII_BD_R,0.12,0.18178747953892277,69.33324370332137,131.6890064797618,0.5982989529916242,27.83881769355632,18.376722817764165,2.621938190527992,1.7307714682077027
84,7.34,48,78.78939469734868,NII_BD_R,0.24,0.23862829719251805,76.2307819476254,143.94742064728803,0.5473484300243561,32.51066719244115,32.6975476839237,3.1303404096847434,3.148334489929445
85,8.35,48,78.78939469734868,NII_BD_R,0.25,0.30950388463713013,84.83141605472059,159.78995363844516,0.49308102858346475,37.06633348947666,29.940119760479043,3.648458307444548,2.9470214176165257
86,8.27,48,78.78939469734868,NII_BD_R,0.26,0.3038899767207249,84.15017770960415,158.53509954013572,0.49698391665879565,36.74606731810458,31.438935912938334,3.6112814612159947,3.089714211861087
87,7.27,108,110.80540270135069,NII_BD_R,0.07,0.12138180227481794,81.21272050437402,154.85665232689706,0.7155353098260467,16.696258909878672,9.628610729023386,1.4946156405175526,0.8619339379996499
88,7.31,108,110.80540270135069,NII_BD_R,0.08,0.1241887562330222,81.55333967693225,155.49098118428574,0.7126162678851815,16.988885941589906,10.943912448700411,1.5227917915438793,0.9809530831835251
89,7.85,108,110.80540270135069,NII_BD_R,0.1,0.16208263466875877,86.15169850646815,164.05442075903346,0.6754185726217276,20.647469384555258,12.738853503184716,1.881363193978002,1.1607432207792416
90,7.5,108,110.80540270135069,NII_BD_R,0.12,0.1375217875345017,83.17128074658356,158.50404325688228,0.6990698812759749,18.336238337933562,16.0,1.6534768528275994,1.442805724798572
91,8.74,108,110.80540270135069,NII_BD_R,0.13,0.22453736023873871,93.73047509588892,178.16823783593236,0.6219144559502616,25.690773482693217,14.874141876430206,2.395564089577383,1.3869555218514187
92,9.32,108,110.80540270135069,NII_BD_R,0.17,0.26523819263269505,98.66945309798288,187.36600626806887,0.591384770953696,28.459033544280583,18.240343347639485,2.688149009697079,1.7229243161121297
93,9.97,108,110.80540270135069,NII_BD_R,0.2,0.31085119445348663,104.20451465205403,196.90952154923258,0.5627224210874252,31.17865541158341,20.060180541624874,2.9830875897406166,1.9193026393128323
94,9.82,108,110.80540270135069,NII_BD_R,0.22,0.30032511711023063,102.92719275496063,194.55667011490226,0.5695276478360298,30.583005815705764,22.40325865580448,2.9178403594977707,2.137433209936613
95,9.7,108,110.80540270135069,NII_BD_R,0.23,0.29190425523562347,101.90533523728591,193.39213041326175,0.5729571439363609,30.093222189239537,23.71134020618557,2.8644648933829253,2.2569966475694967
96,10.36,108,110.80540270135069,NII_BD_R,0.26,0.3382189955459567,107.52555158449678,203.02693527849124,0.5457670064780289,32.64662119169466,25.0965250965251,3.1454755689411567,2.4180299116688024
97,7.5,144,125.06253126563284,NII_BD_R,0.05,0.08749790821433806,85.6552437168757,163.59510601602517,0.7644637685761956,11.666387761911741,6.666666666666667,1.0215125708304922,0.5837354238961678
98,8.5,144,125.06253126563284,NII_BD_R,0.06,0.157671757169405,94.17072303083116,179.45332745074316,0.6969083997618286,18.549618490518235,7.058823529411764,1.67431821796445,0.6371406958440387
99,9.43,144,125.06253126563284,NII_BD_R,0.11,0.22293343669760682,102.09011879280988,194.20147338503082,0.6439834316688183,23.64087345679818,11.66489925768823,2.183692597616096,1.0774794005602353
100,11.4,144,125.06253126563284,NII_BD_R,0.21,0.3611759191390771,118.86561304130225,224.55410127480462,0.5569371948926639,31.68209817009448,18.421052631578945,3.0385231682907254,1.7667010216573844
101,11.56,144,125.06253126563284,NII_BD_R,0.23,0.37240373497189105,120.2280897315352,227.06380947142364,0.5507814369747557,32.21485596642656,19.896193771626297,3.0974769357431744,1.9130304782649492
102,8.81,192,143.07153576788394,NII_BD_R,0.05,0.11623759225688411,99.94815905431535,190.80019221231802,0.749850060993006,13.193824319737129,5.675368898978434,1.1629788217881682,0.5002593391723027
103,9.89,192,143.07153576788394,NII_BD_R,0.07,0.19202534912834018,109.1448767133874,207.92707136181335,0.6880851773212615,19.41611214644491,7.077856420626896,1.759362004985314,0.6413493890676959
104,11.25,192,143.07153576788394,NII_BD_R,0.1,0.2874617837072272,120.72592858036691,229.49425251302986,0.6234209972633665,25.55215855175353,8.88888888888889,2.3811105624742797,0.8283224753448907
105,12.18,192,143.07153576788394,NII_BD_R,0.16,0.3527234632354228,128.64532434234573,244.24239844731744,0.5857768212128991,28.959233434763778,13.136288998357964,2.7418288619395863,1.243729617208741
106,12.48,192,143.07153576788394,NII_BD_R,0.17,0.37377561792194314,131.1999681365323,248.99986487773288,0.5745847927995333,29.949969384771084,13.621794871794872,2.8489002187331036,1.2957320220008797
107,13.95,192,143.07153576788394,NII_BD_R,0.21,0.4769311758858841,143.71772272804705,271.1387601446805,0.5276690639565532,34.188614758844736,15.053763440860216,3.3185272270725252,1.4611976589510605
108,2.01,12,37.76888444222112,NII_CO_R,0.06,0.13184669441986238,17.573080585806025,67.68954031117038,0.5579722401510882,65.5953703581405,29.85074626865672,7.502765026090897,3.414313142595082
109,2.24,12,37.76888444222112,NII_CO_R,0.07,0.15817902464076633,19.02553438828657,73.15096550543275,0.5163142301849196,70.6156360003421,31.25,8.314038460762092,3.6792659050405874
110,2.24,12,37.76888444222112,NII_CO_R,0.1,0.15817902464076633,19.02553438828657,73.15096550543275,0.5163142301849196,70.6156360003421,44.64285714285714,8.314038460762092,5.256094150057982
111,2.4,12,37.76888444222112,NII_CO_R,0.12,0.17649716740313437,20.035937033490423,76.95021781448487,0.49082232013008836,73.54048641797266,50.0,8.809029850119625,5.989238227262238
112,3.79,12,37.76888444222112,NII_CO_R,0.18,0.3356360326512028,28.813810013699,109.81348195050113,0.34393668037268504,88.55831996073952,47.4934036939314,11.648443315605633,6.247004471620458
113,4.91,12,37.76888444222112,NII_CO_R,0.26,0.4638630319877771,35.886628530125996,136.35371535090698,0.2769919715427094,94.47312260443525,52.95315682281059,12.925790217333311,7.245038351310601
114,5.49,12,37.76888444222112,NII_CO_R,0.27,0.5302662995013605,39.54933811898997,150.09776479040286,0.2516285601918306,96.58766839733343,49.18032786885246,13.407716152062436,6.826915767532329
115,5.1,12,37.76888444222112,NII_CO_R,0.28,0.4856158265180891,37.08648167130557,140.85607637419008,0.26813812662143516,95.21878951335081,54.90196078431374,13.094146563215732,7.549920817014052
116,5.57,48,184.3421710855428,NII_CO_R,0.05,0.15804037231978502,58.99241924479381,229.68912831155436,0.8025724701932685,28.373495928148117,8.976660682226212,2.6789945952883154,0.8475665287182234
117,4.83,48,184.3421710855428,NII_CO_R,0.06,0.07331896204383638,54.31930701072596,212.1175863821884,0.869056518271896,15.179909325846042,12.422360248447204,1.3497771985448697,1.1045796292679566
118,4.64,48,184.3421710855428,NII_CO_R,0.06,0.05156616751352632,53.11945386954638,207.60597426518902,0.8879425158067473,11.113398171018604,12.931034482758621,0.9707586158578605,1.1295296850632393
119,6.53,48,184.3421710855428,NII_CO_R,0.12,0.26794922889401573,65.05483511601696,252.48464216586754,0.7301124120034234,41.03357257182476,18.376722817764165,4.118821120923028,1.8445977118533214
120,7.34,48,184.3421710855428,NII_CO_R,0.24,0.36068482662850027,70.16999850736153,271.7183569804438,0.6784310531467344,49.139622156471425,32.6975476839237,5.140157250974729,3.420265143297981
121,8.35,48,184.3421710855428,NII_CO_R,0.25,0.4763181028159495,76.54816520521082,295.7011371813351,0.6234070414565136,57.044084169574795,29.940119760479043,6.222462700954789,3.265917600112274
122,8.27,48,184.3421710855428,NII_CO_R,0.26,0.4671590314347617,76.0429638826089,293.8015110268091,0.6274377910490792,56.48839557856852,31.438935912938334,6.143356434080305,3.41911975447688
123,7.27,108,259.6298149074537,NII_CO_R,0.07,0.15677151874777773,79.45542485992061,309.8468555309265,0.8379294812031405,21.56417039171633,9.628610729023386,1.9730750798219865,0.8809971140851558
124,7.31,108,259.6298149074537,NII_CO_R,0.08,0.16135105443836878,79.70802552122154,310.79666860818935,0.8353687189445395,22.07264766598752,10.943912448700411,2.024276142625193,1.0036630499484738
125,7.85,108,259.6298149074537,NII_CO_R,0.1,0.22317478626135498,83.11813444878457,323.6191451512402,0.80226963947426,28.429909077879618,12.738853503184716,2.685031223828417,1.203106887121217
126,7.5,108,259.6298149074537,NII_CO_R,0.12,0.1831038489686792,80.90787866240113,315.3082807251888,0.8234157831514027,24.41384652915723,16.0,2.263115187245291,1.483168289465553
127,8.74,108,259.6298149074537,NII_CO_R,0.13,0.3250694553770513,88.7384991627311,344.7524861203433,0.7530904789960653,37.19330153055507,14.874141876430206,3.663229133286669,1.4649785744246409
128,9.32,108,259.6298149074537,NII_CO_R,0.17,0.39147272289063134,92.40120875159506,358.5247757406571,0.724161431720021,42.00351103976731,18.240343347639485,4.236662357340359,1.839802772028839
129,9.97,108,259.6298149074537,NII_CO_R,0.2,0.465890177862758,96.50596949773579,373.95923824618154,0.694273033941032,46.729205402483245,20.060180541624874,4.82757885639073,2.0724106606140293
130,9.82,108,259.6298149074537,NII_CO_R,0.22,0.44871691902303357,95.55871701785712,370.397439206445,0.7009492707716757,45.69418727322134,22.40325865580448,4.695719375754925,2.302249411311042
131,9.7,108,259.6298149074537,NII_CO_R,0.23,0.43497831195125847,94.80091503395423,367.54799997465585,0.7063834245468793,44.84312494342871,23.71134020618557,4.588334530267615,2.426136919855915
132,10.36,108,259.6298149074537,NII_CO_R,0.26,0.5105406508460238,98.96882594542015,383.21991574949584,0.6774956212796862,49.27998560289806,25.0965250965251,5.158600660046018,2.62708986912087
133,7.5,144,293.14657328664333,NII_CO_R,0.05,0.09589294486047381,85.23838360033463,333.0224002347665,0.8802608265389582,12.785725981396508,6.666666666666667,1.1249972232004801,0.5865901943241884
134,8.5,144,293.14657328664333,NII_CO_R,0.06,0.2103813371252732,91.55340013285876,356.7677271663421,0.8216734613721505,24.750745544149787,7.058823529411764,2.2979085082583053,0.655355234354271
135,9.43,144,293.14657328664333,NII_CO_R,0.11,0.3168555419315478,97.42636550810637,378.85088121270843,0.7737782537241986,33.60079978065195,11.66489925768823,3.2522566173854015,1.1290578215282745
136,11.4,144,293.14657328664333,NII_CO_R,0.21,0.5423976746932068,109.86694807717886,425.62917526791244,0.6887370281939017,47.57874339414094,18.421052631578945,4.93685939389329,1.9114028711572117
137,11.56,144,293.14657328664333,NII_CO_R,0.23,0.5607158174555799,110.87735072238266,429.42842757696457,0.6826436129082394,48.50482849961763,19.896193771626297,5.057081665483814,2.0743641375043267
138,8.81,192,334.9174587293647,NII_CO_R,0.05,0.13718452241340007,98.90802782984359,386.2053304412466,0.8672005079440913,15.571455438524412,5.675368898978434,1.38699077742613,0.505520139234982
139,9.89,192,334.9174587293647,NII_CO_R,0.07,0.2608319860594164,105.72824568496964,411.8502835273491,0.8132019622784218,26.373304960507213,7.077856420626896,2.467003820687591,0.6620747326932261
140,11.25,192,334.9174587293647,NII_CO_R,0.1,0.41653619953953636,114.31666816920243,444.1439281542919,0.7540741581702253,37.0254399590699,8.88888888888889,3.643704861333193,0.8747630735002526
141,12.18,192,334.9174587293647,NII_CO_R,0.16,0.5230104043457994,120.1896335444498,466.2270822006571,0.718356937028427,42.940098878965465,13.136288998357964,4.351543381254874,1.3312296184082058
142,12.48,192,334.9174587293647,NII_CO_R,0.17,0.5573569220252401,122.08413850420705,473.35068028012984,0.7075461654162193,44.660009777663475,13.621794871794872,4.565350821605982,1.3924822837992323
143,13.95,192,334.9174587293647,NII_CO_R,0.21,0.7256548586544973,131.36721280701752,508.2563108695461,0.658953861598637,52.01826943759838,15.053763440860216,5.52386583492874,1.598572394989429
144,2.01,12,28.76438219109555,NI_BD_F,0.06,0.12524626026943417,17.900828738095232,57.492314841489794,0.5003169948957682,62.31157227335034,29.85074626865672,6.996673846887003,3.351800124891
145,2.24,12,28.76438219109555,NI_BD_F,0.07,0.1490339501142389,19.479638044244044,62.88279731036325,0.4574284768078392,66.53301344385665,31.25,7.650755613412248,3.593495928466906
146,2.24,12,28.76438219109555,NI_BD_F,0.1,0.1490339501142389,19.479638044244044,62.88279731036325,0.4574284768078392,66.53301344385665,44.64285714285714,7.650755613412248,5.1335656120955795
147,2.4,12,28.76438219109555,NI_BD_F,0.12,0.16558190826714542,20.577940170260636,65.96786772359637,0.43603625800999896,68.99246177797727,50.0,8.046573510134188,5.8314874573026865
148,3.79,12,28.76438219109555,NI_BD_F,0.18,0.3093422947205413,30.11943989002945,97.0038981517438,0.29652810597466145,81.62065823760985,47.4934036939314,10.270519500030412,5.976206750763186
149,4.91,12,28.76438219109555,NI_BD_F,0.26,0.42517800179089726,37.80755477214538,121.65914521132198,0.23643419605761495,86.59429771708702,52.95315682281059,11.245847671274051,6.876932442918904
150,5.49,12,28.76438219109555,NI_BD_F,0.27,0.48516435009519737,41.78889997895534,134.42704101003216,0.21397764895344898,88.37237706652047,49.18032786885246,11.609885647612725,6.461045879072445
151,5.1,12,28.76438219109555,NI_BD_F,0.28,0.44482870209748027,39.11178854679001,125.84173176607186,0.22857586102331995,87.22131413676084,54.90196078431374,11.37326413915654,7.158966910066818
152,5.57,48,140.07003501750876,NI_BD_F,0.05,0.17366727272153185,58.216456995074175,188.21170275402454,0.7442153328827138,31.179043576576632,8.976660682226212,2.98313022958828,0.858863671559927
153,4.83,48,140.07003501750876,NI_BD_F,0.06,0.09713296626417199,53.13680966223245,172.13992254630853,0.8136987222114473,20.110344982230224,12.422360248447204,1.827978888488111,1.1291607528075898
154,4.64,48,140.07003501750876,NI_BD_F,0.06,0.07748226595757263,51.83257588758604,168.01338438487227,0.8336837897190796,16.6987642149941,12.931034482758621,1.494856557498037,1.1575731858306133
155,6.53,48,140.07003501750876,NI_BD_F,0.12,0.2729550216387936,64.80626975115678,209.06157978017558,0.6699941479672632,41.800156453107746,18.376722817764165,4.211861332042204,1.8516726924844802
156,7.34,48,140.07003501750876,NI_BD_F,0.24,0.35672905978790265,70.36642426411264,226.73876908817797,0.6177595282041775,48.600689344400905,32.6975476839237,5.0695919754137195,3.410717576030102
157,8.35,48,140.07003501750876,NI_BD_F,0.25,0.4611880456281387,77.29945643459219,248.69949819920737,0.5632099623510828,55.23210127283098,29.940119760479043,5.966252117417905,3.2341753943837928
158,8.27,48,140.07003501750876,NI_BD_F,0.26,0.4529140665516832,76.75030537158398,246.9600345072448,0.5671769332920128,54.76590889379483,31.438935912938334,5.901136996900732,3.3876086712778393
159,7.27,108,197.3486743371686,NI_BD_F,0.07,0.1849329866868513,78.05705183288754,252.62929951583027,0.7811788842996112,25.437824853762216,9.628610729023386,2.369202811845554,0.8967799623006915
160,7.31,108,197.3486743371686,NI_BD_F,0.08,0.18906997622492355,78.33162736437754,253.4980443918921,0.778501762451784,25.864565831042896,10.943912448700411,2.4137118375623827,1.0212988379248351
161,7.85,108,197.3486743371686,NI_BD_F,0.1,0.24491933499091384,82.03839703967803,265.22610021911004,0.7440771257961937,31.199915285466734,12.738853503184716,2.9854232143572736,1.2189414177806863
162,7.5,108,197.3486743371686,NI_BD_F,0.12,0.2087206765316483,79.63586113903575,257.62458255335275,0.7660320004450611,27.829423537553108,16.0,2.620938275122613,1.5068588231938969
163,8.74,108,197.3486743371686,NI_BD_F,0.13,0.33696735221692853,88.14770261568496,284.5556737122194,0.6935327339027296,38.554616958458645,14.874141876430206,3.8227581912834636,1.47479737012304
164,9.32,108,197.3486743371686,NI_BD_F,0.17,0.3969537005212431,92.12904782249753,297.15247441554504,0.664132697280493,42.59159876837373,18.240343347639485,4.308670391189137,1.8452377835005338
165,9.97,108,197.3486743371686,NI_BD_F,0.2,0.464179780517085,96.59090020940376,311.3803189530364,0.6337866021870621,46.557651004722665,20.060180541624874,4.805626404876327,2.070588425684107
166,9.82,108,197.3486743371686,NI_BD_F,0.22,0.4486660697487201,95.5612419662636,308.11882453060684,0.6404953499281089,45.689009139380865,22.40325865580448,4.695063192116263,2.3021885805718973
167,9.7,108,197.3486743371686,NI_BD_F,0.23,0.43625510113403954,94.73751537175127,305.5096289926629,0.6459654806556298,44.97475269423089,23.71134020618557,4.604882230889935,2.427760524407643
168,10.36,108,197.3486743371686,NI_BD_F,0.26,0.5045154285148004,99.26801164156913,319.86020445135483,0.6169841436688692,48.69840043579154,25.0965250965251,5.082356543379491,2.6191720343789306
169,7.5,144,222.8614307153577,NI_BD_F,0.05,0.13542483887330284,83.27540587434487,269.871682255745,0.8258051710077613,18.056645183107047,6.666666666666667,1.6262285059006112,0.6004173678294108
170,8.5,144,222.8614307153577,NI_BD_F,0.06,0.23884957732901402,90.1397941619522,291.5903041580296,0.7642964376297514,28.099950274001646,7.058823529411764,2.649768390860514,0.6656327602900813
171,9.43,144,222.8614307153577,NI_BD_F,0.11,0.33503458409284853,96.52367526942741,311.7886225271555,0.7147837176000461,35.52858792076867,11.66489925768823,3.4710093990688136,1.1396167799553425
172,11.4,144,222.8614307153577,NI_BD_F,0.21,0.5387813188504458,110.04652019599186,354.7028458143006,0.6283046029803592,47.26151919740752,18.421052631578945,4.895941442681523,1.9082838750920237
173,11.56,144,222.8614307153577,NI_BD_F,0.23,0.5553292770033497,111.14482232200855,358.1817731982262,0.6222020420676765,48.0388647926773,19.896193771626297,4.996447566351321,2.069372150631043
174,8.81,192,254.6273136568284,NI_BD_F,0.05,0.17965074249912516,96.79934454467322,313.57191677324835,0.8120220594912386,20.39168473315836,5.675368898978434,1.8559086669870553,0.5165324231810767
175,9.89,192,254.6273136568284,NI_BD_F,0.07,0.2913494600316114,104.21288389531688,337.02802842777345,0.7555078277752086,29.458994947584564,7.077856420626896,2.795714398656077,0.6717019756435861
176,11.25,192,254.6273136568284,NI_BD_F,0.1,0.4320071043311076,113.54845196643764,366.5653542148284,0.694630059085186,38.400631496098455,8.88888888888889,3.804605847544264,0.8806813150526944
177,12.18,192,254.6273136568284,NI_BD_F,0.16,0.5281921110951913,119.93233307393864,386.76367258400694,0.6583537485711565,43.36552636249518,13.136288998357964,4.404084349543665,1.3340856122707088
178,12.48,192,254.6273136568284,NI_BD_F,0.17,0.5592195326315491,121.99164956018292,393.412673279951,0.6472270238118042,44.80925742239977,13.621794871794872,4.584080423928244,1.3935380053708744
179,13.95,192,254.6273136568284,NI_BD_F,0.21,0.7112538981614225,132.08230034295968,425.3753186197659,0.5985944706031109,50.985942520532085,15.053763440860216,5.384929671232321,1.5899177971213576
180,2.01,12,50.2751375687844,NI_CO_F,0.06,0.15718875499943655,16.314706766602995,84.76344287605467,0.5931228824942755,78.2033606962371,29.85074626865672,9.634788859411781,3.677663402619221
181,2.24,12,50.2751375687844,NI_CO_F,0.07,0.18803424468850807,17.54305717787463,91.03295763140281,0.5522740211556243,83.94385923594109,31.25,10.718442218022158,3.9901825143843386
182,2.24,12,50.2751375687844,NI_CO_F,0.1,0.18803424468850807,17.54305717787463,91.03295763140281,0.5522740211556243,83.94385923594109,44.64285714285714,10.718442218022158,5.700260734834769
183,2.4,12,50.2751375687844,NI_CO_F,0.12,0.20949197664599753,18.39756181179669,95.39722041837989,0.527008411233521,87.28832360249898,50.0,11.386942399708056,6.522603442106924
184,3.79,12,50.2751375687844,NI_CO_F,0.18,0.3959060230266762,25.821070818994702,133.38341355812904,0.37692195924251326,104.4606920914713,47.4934036939314,15.332672521677011,6.9710509398234155
185,4.91,12,50.2751375687844,NI_CO_F,0.26,0.5461101467290994,31.802603256449224,163.96044046397122,0.30662968107744193,111.224062470285,52.95315682281059,17.171869306590622,8.175431360238562
186,5.49,12,50.2751375687844,NI_CO_F,0.27,0.6238944250749962,34.9001825544167,179.7949722544963,0.2796248245341417,113.64197178050931,49.18032786885246,17.876537582639116,7.736349217629834
187,5.1,12,50.2751375687844,NI_CO_F,0.28,0.571591203428615,32.81732750923166,169.14761467121204,0.2972264058615835,112.0767065546304,54.90196078431374,17.417359876968163,8.53207805910566
188,5.57,48,245.6228114057029,NI_CO_F,0.05,0.19798599691712887,57.00889750130889,298.20792636425693,0.8236629200314346,35.54506228314701,8.976660682226212,3.4728964353780607,0.8770560770597613
189,4.83,48,245.6228114057029,NI_CO_F,0.06,0.09874398661374503,53.05681356941939,278.0052478728975,0.8835186144327762,20.443889568063152,12.422360248447204,1.8610990741942819,1.130863238168198
190,4.64,48,245.6228114057029,NI_CO_F,0.06,0.07326292991421066,52.042089316636975,272.81807366565613,0.9003172264412307,15.789424550476435,12.931034482758621,1.407763040958268,1.1529129746299216
191,6.53,48,245.6228114057029,NI_CO_F,0.12,0.3267323886620505,62.1359253048413,324.4168065692641,0.7571211060338872,50.03558785023744,18.376722817764165,5.2583491282875165,1.9312499075418168
192,7.34,48,245.6228114057029,NI_CO_F,0.24,0.43536215669685263,66.46185501407167,346.530549242239,0.7088056505921576,59.31364532654668,32.6975476839237,6.550556805925374,3.6110939116758907
193,8.35,48,245.6228114057029,NI_CO_F,0.25,0.5708140896785056,71.85591551570482,374.0011562285836,0.6567434547062793,68.36096882377312,29.940119760479043,7.943870530099202,3.4791846740211674
194,8.27,48,245.6228114057029,NI_CO_F,0.26,0.5600852236997591,71.4286631987438,371.81902483509504,0.6605977505175771,67.72493636030944,31.438935912938334,7.841183057582536,3.6399953233980242
195,7.27,108,346.17308654327167,NI_CO_F,0.07,0.2012263935327665,77.24799384266217,404.44536222484436,0.8559205244411302,27.679008739032533,9.628610729023386,2.604940057635958,0.9061724003159902
196,7.31,108,346.17308654327167,NI_CO_F,0.08,0.20659082652214084,77.4616200011428,405.53739890005335,0.8536156899023454,28.26139897703705,10.943912448700411,2.6670088557287204,1.0327695186186365
197,7.85,108,346.17308654327167,NI_CO_F,0.1,0.27901067187868517,80.3455731406296,420.27989401536973,0.8236727273244531,35.54276074887709,12.738853503184716,3.472632790736712,1.2446236437316724
198,7.5,108,346.17308654327167,NI_CO_F,0.12,0.2320718832216511,78.47634425392513,410.72457310729385,0.8428350997466145,30.942917762886815,16.0,2.9572208724547413,1.529123217204374
199,8.74,108,346.17308654327167,NI_CO_F,0.13,0.3983693058921911,85.0987551668212,444.5777100387621,0.778655966609503,45.58001211581134,14.874141876430206,4.681258910441849,1.5276369171929456
200,9.32,108,346.17308654327167,NI_CO_F,0.17,0.4761535842380906,88.1963344647887,460.41224182928715,0.7518763731560957,51.08944036889384,18.240343347639485,5.398791084998992,1.9275177481199108
201,9.97,108,346.17308654327167,NI_CO_F,0.2,0.5633256203154035,91.66775954009722,478.1578378014283,0.7239724190969596,56.50206823624909,20.060180541624874,6.145297137637515,2.1817921699342526
202,9.82,108,346.17308654327167,NI_CO_F,0.22,0.5432089966052446,90.86666144579529,474.0627002693956,0.7302263737403342,55.31659843230596,22.40325865580448,5.978089080881277,2.4211299997110234
203,9.7,108,346.17308654327167,NI_CO_F,0.23,0.5271156976371327,90.22578297035352,470.7865902437692,0.7353078734974721,54.34182449867348,23.71134020618557,5.842184797779288,2.549160477505345
204,10.36,108,346.17308654327167,NI_CO_F,0.26,0.6156288419617689,93.75061458528205,488.8051953847117,0.7082025514700552,59.42363339399314,25.0965250965251,6.5666645993211095,2.77331515265413
205,7.5,144,390.9454727363682,NI_CO_F,0.05,0.13199752259365927,83.44559113069566,437.3634587102678,0.8938686233395431,17.59966967915457,6.666666666666667,1.5818393854615964,0.5991928311909026
206,8.5,144,390.9454727363682,NI_CO_F,0.06,0.2661083473279785,88.78624509270861,464.66437559048404,0.8413502159264185,31.30686439152688,7.058823529411764,2.9971798790467385,0.6757803524335254
207,9.43,144,390.9454727363682,NI_CO_F,0.11,0.3908314143308819,93.75305327738057,490.0542282890846,0.7977596155047317,41.44553704463223,11.66489925768823,4.16873265102691,1.1732951211151568
208,11.4,144,390.9454727363682,NI_CO_F,0.21,0.6550297390574443,104.27414158254604,543.8370345431099,0.7188651156587939,57.45874904012669,18.421052631578945,6.28180418573771,2.0139221173425694
209,11.56,144,390.9454727363682,NI_CO_F,0.23,0.6764874710149493,105.12864621646807,548.2051812439445,0.713137135714889,58.519677423438516,19.896193771626297,6.434853823019931,2.187795698675812
210,8.81,192,446.72336168084047,NI_CO_F,0.05,0.18300905819091692,96.63258555009347,506.3146513845976,0.8823038410190278,20.772878341761285,5.675368898978434,1.8938648608967072,0.517423803941171
211,9.89,192,446.72336168084047,NI_CO_F,0.07,0.32784874890394966,102.40049182906742,535.7996416152301,0.8337507661149998,33.14951960606164,7.077856420626896,3.2016325610155563,0.6835904667025222
212,11.25,192,446.72336168084047,NI_CO_F,0.1,0.5102394705426475,109.66378121740485,572.9288885723249,0.779718688638699,45.354619603790894,8.88888888888889,4.6527619682483365,0.9118780958478286
213,12.18,192,446.72336168084047,NI_CO_F,0.16,0.6349625375455632,114.63058940207712,598.3187412709268,0.746631069472982,52.131571227057734,13.136288998357964,5.53920677593635,1.395787990226462
214,12.48,192,446.72336168084047,NI_CO_F,0.17,0.675195784965787,116.23278559068108,606.5090163349903,0.7365485914460072,54.10222635943806,13.621794871794872,5.808995986240225,1.4625821719412504
215,13.95,192,446.72336168084047,NI_CO_F,0.21,0.8723386973252588,124.0835469148399,646.4834682276762,0.6910050815460529,62.53323995163146,15.053763440860216,7.030252753203096,1.6924081010041212
216,2.01,12,28.76438219109555,NI_BD_R,0.06,0.12159314675008955,18.08222607935812,56.830274119092095,0.5061454064222466,60.49410286074108,29.85074626865672,6.724456724324169,3.3181755242233915
217,2.24,12,28.76438219109555,NI_BD_R,0.07,0.1446870104384868,19.695487701155834,62.08365551989728,0.4633165033569393,64.59241537432446,31.25,7.346200948859765,3.5541135645954096
218,2.24,12,28.76438219109555,NI_BD_R,0.1,0.1446870104384868,19.695487701155834,62.08365551989728,0.4633165033569393,64.59241537432446,44.64285714285714,7.346200948859765,5.077305092279157
219,2.4,12,28.76438219109555,NI_BD_R,0.12,0.16075230691737938,20.81775665544976,65.51710110464734,0.4390362471189251,66.98012788224142,50.0,7.721884234596285,5.764309862301416
220,3.79,12,28.76438219109555,NI_BD_R,0.18,0.3003195700965189,30.567468195768264,95.34515962247012,0.30168686386379084,79.23999210989945,47.4934036939314,9.824810094612118,5.888613307690267
221,4.91,12,28.76438219109555,NI_BD_R,0.26,0.4127766454559145,38.4233508757848,119.37927871582612,0.24094953915383518,84.06856322931048,52.95315682281059,10.742859122056817,6.766718520738321
222,5.49,12,28.76438219109555,NI_BD_R,0.27,0.47101334519517035,42.49157583507789,131.8255189606974,0.21820040928245005,85.79478054556837,49.18032786885246,11.084864139266324,6.354200678457966
223,5.1,12,28.76438219109555,NI_BD_R,0.28,0.43185418502567074,39.75604525898809,123.45649534761021,0.23299205205935203,84.67729118150407,54.90196078431374,10.86260422062571,7.042954050785455
224,5.57,48,140.07003501750876,NI_BD_R,0.05,0.1686018419412673,58.467983719021234,187.33514496556276,0.7476975825505534,30.269630510101845,8.976660682226212,2.883660957961451,0.8551688773856868
225,4.83,48,140.07003501750876,NI_BD_R,0.06,0.09429984572652465,53.27748980542333,171.64965943135144,0.8160227959760534,19.523777583131398,12.422360248447204,1.769975388685176,1.126179184100606
226,4.64,48,140.07003501750876,NI_BD_R,0.06,0.07522230615785015,51.94479542220022,167.62230503742822,0.8356288561133476,16.211703913329774,12.931034482758621,1.448120173473656,1.1550724093208602
227,6.53,48,140.07003501750876,NI_BD_R,0.12,0.26499362081496447,65.20159744481694,207.68388295598442,0.6744386373361219,40.58095265160252,18.376722817764165,4.064219761475025,1.840445705361152
228,7.34,48,140.07003501750876,NI_BD_R,0.24,0.3463241842391243,70.88308402590938,224.8531306353078,0.6229401148285107,47.18313136772811,32.6975476839237,4.885850961458377,3.3858571942534907
229,8.35,48,140.07003501750876,NI_BD_R,0.25,0.44773636826212193,77.96740679989018,246.26169872933082,0.5687853033591773,53.621121947559516,29.940119760479043,5.74260946514836,3.2064680648113093
230,8.27,48,140.07003501750876,NI_BD_R,0.26,0.439703720022679,77.40627232274316,244.56597056346766,0.5727290460516419,53.16852720951378,31.438935912938334,5.680466283008014,3.358900928802484
231,7.27,108,197.3486743371686,NI_BD_R,0.07,0.17953896380423529,78.324894976645,251.69587983762216,0.7840759032864787,24.69586847376001,9.628610729023386,2.292233699869887,0.8937132953816623
232,7.31,108,197.3486743371686,NI_BD_R,0.08,0.1835552879238688,78.60546221521011,252.54374392053722,0.7814435284497259,25.1101625066852,10.943912448700411,2.3351467283701175,1.01774097811386
233,7.85,108,197.3486743371686,NI_BD_R,0.1,0.23777566354016733,82.39311993595584,263.98990904012095,0.7475614316272056,30.289893444607305,12.738853503184716,2.885867942917932,1.2136935714745356
234,7.5,108,197.3486743371686,NI_BD_R,0.12,0.20263282749289002,79.93815659846514,256.57109831452374,0.7691773377188574,27.017710332385338,16.0,2.534869905878974,1.5011604608643687
235,8.74,108,197.3486743371686,NI_BD_R,0.13,0.3271388752042983,88.63574099424305,282.8548848854026,0.6977029030880041,37.430077254496375,14.874141876430206,3.6908234932626804,1.4666769696035327
236,9.32,108,197.3486743371686,NI_BD_R,0.17,0.38537557494022967,92.7039659535541,295.1489140879017,0.6686410314164122,41.34931061590447,18.240343347639485,4.157055968169774,1.8337942530438474
237,9.97,108,197.3486743371686,NI_BD_R,0.2,0.4506408418855872,97.2631835803615,308.92670543551617,0.6388203766940511,45.19968323827353,20.060180541624874,4.6332108953975935,2.056276513247734
238,9.82,108,197.3486743371686,NI_BD_R,0.22,0.4355796264366575,96.21105643571077,305.7472151245232,0.6454635220693454,44.35637743754149,22.40325865580448,4.527334410133167,2.286639479392956
239,9.7,108,197.3486743371686,NI_BD_R,0.23,0.4235306540774775,95.36935471999028,303.2036228757282,0.6508783518660476,43.66295402860593,23.71134020618557,4.440951239745587,2.4116761686738135
240,10.36,108,197.3486743371686,NI_BD_R,0.26,0.48980000205287977,99.99871415645319,317.1933802440994,0.6221714784378443,47.2779924761467,25.0965250965251,4.898063001955827,2.600033432362105
241,7.5,144,222.8614307153577,NI_BD_R,0.05,0.1314748422133265,83.47154510963308,269.18814703694073,0.8279020943844693,17.52997896177687,6.666666666666667,1.5750857617484495,0.5990065229334028
242,8.5,144,222.8614307153577,NI_BD_R,0.06,0.23188294520637953,90.4857260739685,290.38474911022706,0.767469474200113,27.28034649486818,7.058823529411764,2.5626466766352123,0.6630880096044361
243,9.43,144,222.8614307153577,NI_BD_R,0.11,0.3252624809901439,97.00891437082171,310.0975890384252,0.7186815976429349,34.492309755052375,11.66489925768823,3.3529133183246524,1.1339164108106516
244,11.4,144,222.8614307153577,NI_BD_R,0.21,0.5230664438862734,110.82685087054752,351.8548951227689,0.6333901668117964,45.88302139353276,18.421052631578945,4.719672532220976,1.8948476686871916
245,11.56,144,222.8614307153577,NI_BD_R,0.23,0.5391317403651718,111.94911982484125,355.24635145449497,0.6273433345701933,46.63769380321555,19.896193771626297,4.815864039026948,2.054504763948698
246,8.81,192,254.6273136568284,NI_BD_R,0.05,0.17441078918839278,97.05953727998148,312.6651583779687,0.8143769999118974,19.79691137212177,5.675368898978434,1.796946431810004,0.5151477268613818
247,9.89,192,254.6273136568284,NI_BD_R,0.07,0.2828515404209898,104.63485272147307,335.55748861713624,0.7588187487818298,28.59975130647015,7.077856420626896,2.703224910861305,0.6689931526575817
248,11.25,192,254.6273136568284,NI_BD_R,0.1,0.4194065604915751,114.17413883297343,364.3848674368137,0.6987867400969447,37.28058315480668,8.88888888888889,3.6733936842311503,0.8758550843662687
249,12.18,192,254.6273136568284,NI_BD_R,0.16,0.512786096275062,120.69732712980064,384.0977073649604,0.6629232842957005,42.10066471880641,13.136288998357964,4.248529014429626,1.3256300185333216
250,12.48,192,254.6273136568284,NI_BD_R,0.17,0.5429085271729176,122.80158141909303,390.4566879869305,0.6521269105918128,43.50228583116327,13.621794871794872,4.421022277556003,1.3843469932185144
251,13.95,192,254.6273136568284,NI_BD_R,0.21,0.6905084385726963,133.1124274366692,421.6156930346664,0.6039322488783458,49.49881280091013,15.053763440860216,5.1874077565088275,1.5776137814022777
252,2.01,12,50.2751375687844,NI_CO_R,0.06,0.1535984482892612,16.49298540156962,84.10941520676681,0.5977349556549959,76.41713845236877,29.85074626865672,9.312956056739333,3.637910210863939
253,2.24,12,50.2751375687844,NI_CO_R,0.07,0.18373940432005215,17.756319815336322,90.2555088007334,0.5570312353984079,82.02651978573756,31.25,10.347831433028958,3.9422583467741026
254,2.24,12,50.2751375687844,NI_CO_R,0.1,0.18373940432005215,17.756319815336322,90.25550880073341,0.5570312353984078,82.02651978573756,44.64285714285714,10.347831433028958,5.631797638248718
255,2.4,12,50.2751375687844,NI_CO_R,0.12,0.2047070259062411,18.63516114662938,94.53640853440766,0.5318071455029536,85.29459412760046,50.0,10.984988232487988,6.439439887629032
256,3.79,12,50.2751375687844,NI_CO_R,0.18,0.3868632384385431,26.270095212355216,131.76126413932334,0.38156234988474197,102.07473309724092,47.4934036939314,14.726373669806707,6.851897511027798
257,4.91,12,50.2751375687844,NI_CO_R,0.26,0.5336365895437039,32.42198453150127,161.7228582964959,0.31087218033589337,108.68362312499059,52.95315682281059,16.45909703723476,8.019250016832974
258,5.49,12,50.2751375687844,NI_CO_R,0.27,0.6096442177945888,35.60778435748763,177.23868384217457,0.2836578137397636,111.04630560921471,49.18032786885246,17.1210938505471,7.582611635964488
259,5.1,12,50.2751375687844,NI_CO_R,0.28,0.5585356401776157,33.46560861242783,166.8056287338734,0.3013995268049068,109.51679219168936,54.90196078431374,16.689839609556575,8.366798382265753
260,5.57,48,245.6228114057029,NI_CO_R,0.05,0.1934638512121298,57.23344710901653,297.3885123675591,0.8259324122853943,34.73318693215975,8.976660682226212,3.380258589765277,0.8736150367592139
261,4.83,48,245.6228114057029,NI_CO_R,0.06,0.09648860137479777,53.16880595172361,277.5965714716316,0.884819326490867,19.9769361024426,12.422360248447204,1.814759606646194,1.1284812386886964
262,4.64,48,245.6228114057029,NI_CO_R,0.06,0.07158955074088631,52.12518187079698,272.5148569172717,0.9013189746211433,15.428782487259982,12.931034482758621,1.3734158456911632,1.1510751204422152
263,6.53,48,245.6228114057029,NI_CO_R,0.12,0.3192695807310338,62.506495096862146,323.06454380013724,0.7602902148174348,48.89273824364989,18.376722817764165,5.1077824830248915,1.9198004913576419
264,7.34,48,245.6228114057029,NI_CO_R,0.24,0.42541816501257723,66.95562933660868,344.7286953213796,0.7125104893769187,57.958878067108614,32.6975476839237,6.353732602136494,3.5844633584644323
265,8.35,48,245.6228114057029,NI_CO_R,0.25,0.5577762762771326,72.50331524048688,371.6556556524426,0.6608881303703326,66.79955404516558,29.940119760479043,7.693114093156148,3.4481181883997003
266,8.27,48,245.6228114057029,NI_CO_R,0.26,0.5472924654839282,72.06389457483404,369.51760964821005,0.6647120597027619,66.17804903070474,31.438935912938334,7.594544656694869,3.607909363405354
267,7.27,108,346.17308654327167,NI_CO_R,0.07,0.19663023478710184,77.4762186082104,403.61253704562347,0.8576866543274423,27.04679983316394,9.628610729023386,2.537943104598865,0.9035030523880251
268,7.31,108,346.17308654327167,NI_CO_R,0.08,0.20187214018372063,77.69592894103715,404.68237168864704,0.8554192392882608,27.615887850030184,10.943912448700411,2.598233175600743,1.0296549779424273
269,7.85,108,346.17308654327167,NI_CO_R,0.1,0.27263786303816845,80.66201843420117,419.12513936947636,0.8259420732052667,34.73093796664566,12.738853503184716,3.3800029844352166,1.239740858723657
270,7.5,108,346.17308654327167,NI_CO_R,0.12,0.22677119081762212,78.7395530219637,409.7640862430066,0.8448107049039361,30.236158775682952,16.0,2.880016232177065,1.5240116992603077
271,8.74,108,346.17308654327167,NI_CO_R,0.13,0.3892702581129165,85.55057333959965,442.9289601767605,0.7815544199347989,44.53893113420097,14.874141876430206,4.550177081428525,1.5195690095957033
272,9.32,108,346.17308654327167,NI_CO_R,0.17,0.46527788636378853,88.73637316558506,458.4415625005925,0.7551084257174528,49.92251999611465,18.240343347639485,5.243372810556099,1.9157871111407074
273,9.97,108,346.17308654327167,NI_CO_R,0.2,0.5504588490586452,92.30666607401257,475.82637544969907,0.727519751750009,55.21151946425728,20.060180541624874,5.963370496094841,2.1666907549194514
274,9.82,108,346.17308654327167,NI_CO_R,0.22,0.5308017038214561,91.48275232591799,471.8144955383813,0.733705915813922,54.05312666206274,22.40325865580448,5.802205228045753,2.4048248921963378
275,9.7,108,346.17308654327167,NI_CO_R,0.23,0.5150759876313715,90.82362132742539,468.60499160926753,0.7387311120064165,53.100617281584704,23.71134020618557,5.67116769958431,2.532380856856987
276,10.36,108,346.17308654327167,NI_CO_R,0.26,0.6015674266754484,94.44884181906279,486.2572632191414,0.711913451434168,58.066353926201586,25.0965250965251,6.369240904275788,2.752813004293756
277,7.5,144,390.9454727363682,NI_CO_R,0.05,0.12898260214894874,83.59529864727955,436.8171543290145,0.8949865381017171,17.1976802865265,6.666666666666667,1.5429408619398028,0.5981197604301777
278,8.5,144,390.9454727363682,NI_CO_R,0.06,0.26003023706452555,89.08805696795423,463.56302040462435,0.8433491359926177,30.591792595826533,7.058823529411764,2.91880018393555,0.6734909486417752
279,9.43,144,390.9454727363682,NI_CO_R,0.11,0.38190453753587583,94.19632220617856,488.4366758549291,0.8004015506249231,40.49889051281823,11.66489925768823,4.054346587969289,1.167773830481726
280,11.4,144,390.9454727363682,NI_CO_R,0.21,0.6400683783194411,105.01705609791055,541.1260320238866,0.722466578209475,56.146348975389564,18.421052631578945,6.094899267816897,1.9996751747088652
281,11.56,144,390.9454727363682,NI_CO_R,0.23,0.6610359999064056,105.89589742924417,545.4053705960732,0.7167979888227065,57.18304497460256,19.896193771626297,6.242319258383792,2.1719443867377177
282,8.81,192,446.72336168084047,NI_CO_R,0.05,0.1788289967756259,96.84014877609756,505.55722315159517,0.8836257128243761,20.298410530718034,5.675368898978434,1.8466410784755538,0.5163147788589642
283,9.89,192,446.72336168084047,NI_CO_R,0.07,0.3203604424844221,102.77232776242393,534.4427585132461,0.8358675546911138,32.39236021076057,7.077856420626896,3.1171858170322935,0.681117198802942
284,11.25,192,446.72336168084047,NI_CO_R,0.1,0.4985852259694554,110.24247907853962,570.8171363760664,0.7826032773244034,44.318686752840485,8.88888888888889,4.522623494472128,0.9070913574862317
285,12.18,192,446.72336168084047,NI_CO_R,0.16,0.6204595264402505,115.35074431673516,595.6907918262704,0.7499249070331855,50.940847819396595,13.136288998357964,5.378894866396053,1.3870738411593162
286,12.48,192,446.72336168084047,NI_CO_R,0.17,0.6597738169157397,116.99857181298168,603.7145516491069,0.7399579163042713,52.866491740043244,13.621794871794872,5.63916128797167,1.4530091894774524
287,13.95,192,446.72336168084047,NI_CO_R,0.21,0.8524138402410824,125.07292654435322,642.8989895783989,0.6948577753618703,61.104934784306984,15.053763440860216,6.815334571537353,1.6790204387320387
