,ETS_path,Oxygen_conc,group,ATPM_pred,Growth_rate,Sucrose_uptake_p,Sucrose_uptake_gcdw,Growth_rate_pred,Oxygen_consumption_pred,ATP_production,ATPM_ATP_prect
0,NII_BD_F,12,NII_BD_F_12,16.258129064532266,0.06,2.65,2.01,0.09439548393942629,19.432740837876043,39.35247090346681,0.41314125114059824
1,NII_BD_F,12,NII_BD_F_12,16.258129064532266,0.07,2.96,2.24,0.1125318788473991,21.292168271768485,43.321077352840604,0.3752937382446285
2,NII_BD_F,12,NII_BD_F_12,16.258129064532266,0.1,2.96,2.24,0.1125318788473991,21.292168271768485,43.321077352840604,0.3752937382446285
3,NII_BD_F,12,NII_BD_F_12,16.258129064532266,0.12,3.16,2.4,0.12514850139207223,22.585683008389303,45.67134799650294,0.3559809328548208
4,NII_BD_F,12,NII_BD_F_12,16.258129064532266,0.18,5.0,3.79,0.23475540974895223,33.8230922827828,69.29601365134864,0.2346185329841964
5,NII_BD_F,12,NII_BD_F_12,16.258129064532266,0.26,6.48,4.91,0.3230717675616861,42.877695439128615,88.33171547395806,0.18405766238430504
6,NII_BD_F,12,NII_BD_F_12,16.258129064532266,0.27,7.24,5.49,0.3688070242861403,47.56668635937911,98.18948963209507,0.1655791177390741
7,NII_BD_F,12,NII_BD_F_12,16.258129064532266,0.28,6.73,5.1,0.3380540068334914,44.41374418886583,91.56098631886499,0.17756611978722736
8,NII_BD_F,48,NII_BD_F_48,78.78939469734868,0.05,7.35,5.57,0.12857365564281062,60.45560510875439,119.05843498862797,0.6617707909974994
9,NII_BD_F,48,NII_BD_F_48,78.78939469734868,0.06,6.38,4.83,0.07022177637368497,54.47309945188304,106.14639805539792,0.7422710156987937
10,NII_BD_F,48,NII_BD_F_48,78.78939469734868,0.06,6.12,4.64,0.055239537101884145,52.93705070214577,102.8311453292983,0.7662016643405049
11,NII_BD_F,48,NII_BD_F_48,78.78939469734868,0.12,8.62,6.53,0.20427339091087512,68.21669352847931,135.80918560471014,0.5801477591263614
12,NII_BD_F,48,NII_BD_F_48,78.78939469734868,0.24,9.69,7.34,0.2681450425432957,74.7651118826224,149.2833097345415,0.5277843506916716
13,NII_BD_F,48,NII_BD_F_48,78.78939469734868,0.25,11.02,8.35,0.34778747235656887,82.9304236575413,166.71066849048702,0.4726115935516426
14,NII_BD_F,48,NII_BD_F_48,78.78939469734868,0.26,10.92,8.27,0.34147916108423215,82.28366628923091,165.33028363853103,0.4765575487042014
15,NII_BD_F,108,NII_BD_F_108,110.80540270135069,0.07,9.59,7.27,0.13639593006317713,80.46718581245597,157.6077481072545,0.7030454024756823
16,NII_BD_F,108,NII_BD_F_108,110.80540270135069,0.08,9.64,7.31,0.13955008569934782,80.79056449661113,158.30569604959123,0.6999457724290572
17,NII_BD_F,108,NII_BD_F_108,110.80540270135069,0.1,10.36,7.85,0.18213118678763823,85.15617673270636,167.7279932711374,0.660625579191366
18,NII_BD_F,108,NII_BD_F_108,110.80540270135069,0.12,9.9,7.5,0.15453232497116243,82.32661324634823,161.62094877569072,0.6855881217176523
19,NII_BD_F,108,NII_BD_F_108,110.80540270135069,0.13,11.53,8.74,0.2523111496923917,92.35135245515984,183.25733498813037,0.6046437525053368
20,NII_BD_F,108,NII_BD_F_108,110.80540270135069,0.17,12.3,9.32,0.2980464064168368,97.0403433754104,193.37758015201337,0.5730002548084788
21,NII_BD_F,108,NII_BD_F_108,110.80540270135069,0.2,13.16,9.97,0.34930143550458986,102.29524699293249,203.86036315418187,0.5435357859023695
22,NII_BD_F,108,NII_BD_F_108,110.80540270135069,0.22,12.96,9.82,0.3374733518689585,101.08257692735052,201.2721415567643,0.5505252830536436
23,NII_BD_F,108,NII_BD_F_108,110.80540270135069,0.23,12.81,9.7,0.3280108849604567,100.1124408748848,200.00808560421262,0.5540046161964608
24,NII_BD_F,108,NII_BD_F_108,110.80540270135069,0.26,13.67,10.36,0.38005445295724466,105.44818916344578,210.58973930746794,0.5261671488161689
25,NII_BD_F,144,NII_BD_F_144,125.06253126563284,0.05,9.9,7.5,0.0983208219503866,85.11782604123111,165.57822969327609,0.7553078173217809
26,NII_BD_F,144,NII_BD_F_144,125.06253126563284,0.06,11.22,8.5,0.17717471285461595,93.20229314511128,183.02692825169504,0.6833012631542901
27,NII_BD_F,144,NII_BD_F_144,125.06253126563284,0.11,12.45,9.43,0.2505088313955338,100.72084755171998,199.25421791102474,0.627653118597863
28,NII_BD_F,144,NII_BD_F_144,125.06253126563284,0.21,15.05,11.4,0.4058509964768655,116.64724774636402,232.63023754274312,0.5376022162323333
29,NII_BD_F,144,NII_BD_F_144,125.06253126563284,0.23,15.26,11.56,0.4184676190215422,117.94076248298478,235.3910072466552,0.5312969799843954
30,NII_BD_F,192,NII_BD_F_192,143.07153576788394,0.05,11.63,8.81,0.13061541521921824,99.23422042506078,193.43469543754415,0.7396374029191605
31,NII_BD_F,192,NII_BD_F_192,143.07153576788394,0.07,13.06,9.89,0.21577761739577278,107.96544489725147,212.2792898806367,0.6739778329215825
32,NII_BD_F,192,NII_BD_F_192,143.07153576788394,0.1,14.85,11.25,0.323018909025548,118.96032015852836,236.0095199200864,0.6062108673257267
33,NII_BD_F,192,NII_BD_F_192,143.07153576788394,0.16,16.07,12.18,0.39635302756645857,126.47887456513705,252.23680957941602,0.5672111695610322
34,NII_BD_F,192,NII_BD_F_192,143.07153576788394,0.17,16.48,12.48,0.42000919483773064,128.90421469630107,257.4714191469416,0.5556792914798497
35,NII_BD_F,192,NII_BD_F_192,143.07153576788394,0.21,18.42,13.95,0.5359244144669443,140.78838133900507,281.8032617428594,0.5077000701944829
36,NII_BD_R,12,NII_BD_R_12,16.258129064532266,0.06,2.65,2.01,0.14356634955676623,16.991134727541873,69.81314491885931,0.5409996138423244
37,NII_BD_R,12,NII_BD_R_12,16.258129064532266,0.07,2.96,2.24,0.1722393211604374,18.327362707464435,75.69869495018608,0.4989370618222036
38,NII_BD_R,12,NII_BD_R_12,16.258129064532266,0.1,2.96,2.24,0.1722393211604374,18.327362707464435,75.69869495018608,0.4989370618222036
39,NII_BD_R,12,NII_BD_R_12,16.258129064532266,0.12,3.16,2.4,0.19218573618907653,19.256912606541004,79.7929906241525,0.4733358675591347
40,NII_BD_R,12,NII_BD_R_12,16.258129064532266,0.18,5.0,3.79,0.3654702167503995,27.332377354768674,115.36218429173603,0.3273939781402587
41,NII_BD_R,12,NII_BD_R_12,16.258129064532266,0.26,6.48,4.91,0.5050951219508807,33.839226648304624,144.022254009501,0.26224339218944276
42,NII_BD_R,12,NII_BD_R_12,16.258129064532266,0.27,7.24,5.49,0.5774008764297013,37.20884503245717,158.86407582762934,0.237743393183498
43,NII_BD_R,12,NII_BD_R_12,16.258129064532266,0.28,6.73,5.1,0.528781489797385,34.94306715345805,148.88423012233613,0.25367954961507305
44,NII_BD_R,48,NII_BD_R_48,78.78939469734868,0.05,7.35,5.57,0.17208834424236724,58.294859548551905,232.23462453605913,0.7937755683667227
45,NII_BD_R,48,NII_BD_R_48,78.78939469734868,0.06,6.38,4.83,0.07983617473490849,53.99569126532284,213.29850704396455,0.8642450134334351
46,NII_BD_R,48,NII_BD_R_48,78.78939469734868,0.06,6.12,4.64,0.056149806888396485,52.89185076016941,208.4365309311294,0.8844043328779649
47,NII_BD_R,48,NII_BD_R_48,78.78939469734868,0.12,8.62,6.53,0.29176683441421125,63.87215894301131,256.80039857985776,0.7178422311841448
48,NII_BD_R,48,NII_BD_R_48,78.78939469734868,0.24,9.69,7.34,0.39274556049670023,68.57800530708643,277.52777042931285,0.66422964015594
49,NII_BD_R,48,NII_BD_R_48,78.78939469734868,0.25,11.02,8.35,0.518657305364993,74.44578904500722,303.37301187122586,0.607641958487037
50,NII_BD_R,48,NII_BD_R_48,78.78939469734868,0.26,10.92,8.27,0.5086840978506695,73.98101409546894,301.32586403424267,0.6117701567914334
51,NII_BD_R,108,NII_BD_R_108,110.80540270135069,0.07,9.59,7.27,0.1707067041773215,78.76346563841356,312.37191481308804,0.8311560758040835
52,NII_BD_R,108,NII_BD_R_108,110.80540270135069,0.08,9.64,7.31,0.1756933079344784,78.99585311318272,313.39548873157963,0.8284414557410055
53,NII_BD_R,108,NII_BD_R_108,110.80540270135069,0.1,10.36,7.85,0.24301245865614265,82.1330840225661,327.21373663121625,0.7934563431854559
54,NII_BD_R,108,NII_BD_R_108,110.80540270135069,0.12,9.9,7.5,0.19937967578098864,80.09969361833612,318.25746484441464,0.8157854680152686
55,NII_BD_R,108,NII_BD_R_108,110.80540270135069,0.13,11.53,8.74,0.35396439225295717,87.30370533617952,349.98825631765465,0.7418243618774732
56,NII_BD_R,108,NII_BD_R_108,110.80540270135069,0.17,12.3,9.32,0.42627014673177394,90.67332372033201,364.83007813578274,0.7116458605444929
57,NII_BD_R,108,NII_BD_R_108,110.80540270135069,0.2,13.16,9.97,0.5073024577856199,94.44962018533059,381.4631543112713,0.6806157081572223
58,NII_BD_R,108,NII_BD_R_108,110.80540270135069,0.22,12.96,9.82,0.4886026936962738,93.5781671549463,377.6247521169279,0.6875338903289417
59,NII_BD_R,108,NII_BD_R_108,110.80540270135069,0.23,12.81,9.7,0.4736428824247976,92.88100473063885,374.55403036145304,0.6931705277791433
60,NII_BD_R,108,NII_BD_R_108,110.80540270135069,0.26,13.67,10.36,0.5559218444179337,96.71539806432969,391.4430000165645,0.6632633995152987
61,NII_BD_R,144,NII_BD_R_144,125.06253126563284,0.05,9.9,7.5,0.10441672506422008,84.81513065232693,334.56691146006983,0.8761971469543546
62,NII_BD_R,144,NII_BD_R_144,125.06253126563284,0.06,11.22,8.5,0.22908181899321642,90.62481752155546,360.15625942236005,0.8139427418443571
63,NII_BD_R,144,NII_BD_R_144,125.06253126563284,0.11,12.45,9.43,0.34502035634719536,96.02782630993802,383.9543530272901,0.7634932928232944
64,NII_BD_R,144,NII_BD_R_144,125.06253126563284,0.21,15.05,11.4,0.5906105913873204,107.47290944231817,434.3653685130015,0.674884773365326
65,NII_BD_R,144,NII_BD_R_144,125.06253126563284,0.23,15.26,11.56,0.6105570064159689,108.40245934139476,438.4596641869681,0.6685827619519402
66,NII_BD_R,192,NII_BD_R_192,143.07153576788394,0.05,11.63,8.81,0.14937864908361578,98.30252182919874,388.4149094161505,0.8622672575385918
67,NII_BD_R,192,NII_BD_R_192,143.07153576788394,0.07,13.06,9.89,0.28401695052694714,104.57698364796555,416.05140521542404,0.8049905721528577
68,NII_BD_R,192,NII_BD_R_192,143.07153576788394,0.1,14.85,11.25,0.45356147827037724,112.47815779011633,450.85291844413854,0.7428530348326037
69,NII_BD_R,192,NII_BD_R_192,143.07153576788394,0.16,16.07,12.18,0.5695000156243449,117.88116657849886,474.65101204906836,0.7056078049502645
70,NII_BD_R,192,NII_BD_R_192,143.07153576788394,0.17,16.48,12.48,0.606899543803056,119.62407263926745,482.3278164377556,0.6943772416090495
71,NII_BD_R,192,NII_BD_R_192,143.07153576788394,0.21,18.42,13.95,0.7901572318786801,128.16431233703332,519.9441579423219,0.6441412094229502
72,NII_CO_F,12,NII_CO_F_12,37.76888444222112,0.06,2.65,2.01,0.0840046617363511,19.948702773137843,37.47407021456707,0.43385009878676967
73,NII_CO_F,12,NII_CO_F_12,37.76888444222112,0.07,2.96,2.24,0.10014464699601491,21.907263015347606,41.08177574720677,0.3957503970757079
74,NII_CO_F,12,NII_CO_F_12,37.76888444222112,0.1,2.96,2.24,0.10014464699601491,21.907263015347606,41.08177574720678,0.39575039707570786
75,NII_CO_F,12,NII_CO_F_12,37.76888444222112,0.12,3.16,2.4,0.1113724628288236,23.269739705580538,43.22617160831717,0.3761177189562637
76,NII_CO_F,12,NII_CO_F_12,37.76888444222112,0.18,5.0,3.79,0.2089141128763616,35.10625595197865,64.70931562035337,0.25124866348329156
77,NII_CO_F,12,NII_CO_F_12,37.76888444222112,0.26,6.48,4.91,0.28750882370601616,44.64359278360905,82.01947482429613,0.19822278915295152
78,NII_CO_F,12,NII_CO_F_12,37.76888444222112,0.27,7.24,5.49,0.3282096560999515,49.58257078570324,90.9836644120522,0.17869283645140394
79,NII_CO_F,12,NII_CO_F_12,37.76888444222112,0.28,6.73,5.1,0.30084185500747707,46.2615338532606,84.95601968925068,0.19137112501269143
80,NII_CO_F,48,NII_CO_F_48,184.3421710855428,0.05,7.35,5.57,0.11442058454205821,61.15838356192411,116.4651139024325,0.6765063979875873
81,NII_CO_F,48,NII_CO_F_48,184.3421710855428,0.06,6.38,4.83,0.06249193631531861,54.856928869596956,104.73003004074127,0.7523094824540644
82,NII_CO_F,48,NII_CO_F_48,184.3421710855428,0.06,6.12,4.64,0.049158905013858896,53.238987799945384,101.71696796814487,0.7745944090864317
83,NII_CO_F,48,NII_CO_F_48,184.3421710855428,0.12,8.62,6.53,0.18178747953892277,69.33324370332137,131.68900647976182,0.5982989529916241
84,NII_CO_F,48,NII_CO_F_48,184.3421710855428,0.24,9.69,7.34,0.23862829719251805,76.2307819476254,143.94742064728803,0.5473484300243561
85,NII_CO_F,48,NII_CO_F_48,184.3421710855428,0.25,11.02,8.35,0.30950388463713013,84.83141605472059,159.78995363844516,0.49308102858346475
86,NII_CO_F,48,NII_CO_F_48,184.3421710855428,0.26,10.92,8.27,0.3038899767207249,84.15017770960415,158.53509954013572,0.49698391665879565
87,NII_CO_F,108,NII_CO_F_108,259.6298149074537,0.07,9.59,7.27,0.12138180227481794,81.21272050437402,154.85665232689706,0.7155353098260467
88,NII_CO_F,108,NII_CO_F_108,259.6298149074537,0.08,9.64,7.31,0.1241887562330222,81.55333967693225,155.49098118428577,0.7126162678851814
89,NII_CO_F,108,NII_CO_F_108,259.6298149074537,0.1,10.36,7.85,0.16208263466875877,86.15169850646815,164.05442075903346,0.6754185726217276
90,NII_CO_F,108,NII_CO_F_108,259.6298149074537,0.12,9.9,7.5,0.1375217875345017,83.17128074658356,158.5040432568823,0.6990698812759748
91,NII_CO_F,108,NII_CO_F_108,259.6298149074537,0.13,11.53,8.74,0.22453736023873871,93.73047509588892,178.16823783593236,0.6219144559502616
92,NII_CO_F,108,NII_CO_F_108,259.6298149074537,0.17,12.3,9.32,0.26523819263269505,98.66945309798288,187.36600626806887,0.591384770953696
93,NII_CO_F,108,NII_CO_F_108,259.6298149074537,0.2,13.16,9.97,0.31085119445348663,104.20451465205403,196.90952154923258,0.5627224210874252
94,NII_CO_F,108,NII_CO_F_108,259.6298149074537,0.22,12.96,9.82,0.30032511711023063,102.92719275496063,194.55667011490226,0.5695276478360298
95,NII_CO_F,108,NII_CO_F_108,259.6298149074537,0.23,12.81,9.7,0.29190425523562347,101.90533523728591,193.39213041326175,0.5729571439363609
96,NII_CO_F,108,NII_CO_F_108,259.6298149074537,0.26,13.67,10.36,0.3382189955459567,107.52555158449678,203.02693527849124,0.5457670064780289
97,NII_CO_F,144,NII_CO_F_144,293.14657328664333,0.05,9.9,7.5,0.08749790821433806,85.6552437168757,163.59510601602517,0.7644637685761956
98,NII_CO_F,144,NII_CO_F_144,293.14657328664333,0.06,11.22,8.5,0.157671757169405,94.17072303083116,179.45332745074316,0.6969083997618286
99,NII_CO_F,144,NII_CO_F_144,293.14657328664333,0.11,12.45,9.43,0.22293343669760682,102.09011879280988,194.20147338503082,0.6439834316688183
100,NII_CO_F,144,NII_CO_F_144,293.14657328664333,0.21,15.05,11.4,0.3611759191390771,118.86561304130225,224.55410127480462,0.5569371948926639
101,NII_CO_F,144,NII_CO_F_144,293.14657328664333,0.23,15.26,11.56,0.37240373497189105,120.2280897315352,227.0638094714236,0.5507814369747557
102,NII_CO_F,192,NII_CO_F_192,334.9174587293647,0.05,11.63,8.81,0.11623759225688411,99.94815905431535,190.800192212318,0.7498500609930061
103,NII_CO_F,192,NII_CO_F_192,334.9174587293647,0.07,13.06,9.89,0.19202534912834018,109.1448767133874,207.92707136181335,0.6880851773212615
104,NII_CO_F,192,NII_CO_F_192,334.9174587293647,0.1,14.85,11.25,0.2874617837072272,120.72592858036691,229.49425251302986,0.6234209972633665
105,NII_CO_F,192,NII_CO_F_192,334.9174587293647,0.16,16.07,12.18,0.3527234632354228,128.64532434234573,244.24239844731747,0.5857768212128991
106,NII_CO_F,192,NII_CO_F_192,334.9174587293647,0.17,16.48,12.48,0.37377561792194314,131.1999681365323,248.99986487773288,0.5745847927995333
107,NII_CO_F,192,NII_CO_F_192,334.9174587293647,0.21,18.42,13.95,0.4769311758858841,143.71772272804705,271.1387601446804,0.5276690639565533
108,NII_CO_R,12,NII_CO_R_12,37.76888444222112,0.06,2.65,2.01,0.13184669441986238,17.573080585806025,67.68954031117038,0.5579722401510882
109,NII_CO_R,12,NII_CO_R_12,37.76888444222112,0.07,2.96,2.24,0.15817902464076633,19.02553438828657,73.15096550543277,0.5163142301849195
110,NII_CO_R,12,NII_CO_R_12,37.76888444222112,0.1,2.96,2.24,0.15817902464076633,19.02553438828657,73.15096550543275,0.5163142301849196
111,NII_CO_R,12,NII_CO_R_12,37.76888444222112,0.12,3.16,2.4,0.17649716740313437,20.035937033490423,76.95021781448486,0.4908223201300884
112,NII_CO_R,12,NII_CO_R_12,37.76888444222112,0.18,5.0,3.79,0.3356360326512028,28.813810013699,109.81348195050113,0.34393668037268504
113,NII_CO_R,12,NII_CO_R_12,37.76888444222112,0.26,6.48,4.91,0.4638630319877771,35.886628530125996,136.35371535090698,0.2769919715427094
114,NII_CO_R,12,NII_CO_R_12,37.76888444222112,0.27,7.24,5.49,0.5302662995013605,39.54933811898997,150.0977647904029,0.25162856019183055
115,NII_CO_R,12,NII_CO_R_12,37.76888444222112,0.28,6.73,5.1,0.4856158265180891,37.08648167130557,140.85607637419008,0.26813812662143516
116,NII_CO_R,48,NII_CO_R_48,184.3421710855428,0.05,7.35,5.57,0.15804037231978502,58.99241924479381,229.68912831155436,0.8025724701932685
117,NII_CO_R,48,NII_CO_R_48,184.3421710855428,0.06,6.38,4.83,0.07331896204383638,54.31930701072596,212.1175863821884,0.869056518271896
118,NII_CO_R,48,NII_CO_R_48,184.3421710855428,0.06,6.12,4.64,0.05156616751352632,53.11945386954638,207.60597426518902,0.8879425158067473
119,NII_CO_R,48,NII_CO_R_48,184.3421710855428,0.12,8.62,6.53,0.26794922889401573,65.05483511601696,252.48464216586754,0.7301124120034234
120,NII_CO_R,48,NII_CO_R_48,184.3421710855428,0.24,9.69,7.34,0.36068482662850027,70.16999850736153,271.71835698044384,0.6784310531467341
121,NII_CO_R,48,NII_CO_R_48,184.3421710855428,0.25,11.02,8.35,0.4763181028159495,76.54816520521082,295.7011371813351,0.6234070414565136
122,NII_CO_R,48,NII_CO_R_48,184.3421710855428,0.26,10.92,8.27,0.4671590314347617,76.0429638826089,293.80151102680907,0.6274377910490793
123,NII_CO_R,108,NII_CO_R_108,259.6298149074537,0.07,9.59,7.27,0.15677151874777773,79.45542485992061,309.8468555309265,0.8379294812031405
124,NII_CO_R,108,NII_CO_R_108,259.6298149074537,0.08,9.64,7.31,0.16135105443836878,79.70802552122154,310.7966686081894,0.8353687189445392
125,NII_CO_R,108,NII_CO_R_108,259.6298149074537,0.1,10.36,7.85,0.22317478626135498,83.11813444878457,323.6191451512402,0.80226963947426
126,NII_CO_R,108,NII_CO_R_108,259.6298149074537,0.12,9.9,7.5,0.1831038489686792,80.90787866240113,315.30828072518875,0.8234157831514028
127,NII_CO_R,108,NII_CO_R_108,259.6298149074537,0.13,11.53,8.74,0.3250694553770513,88.7384991627311,344.7524861203433,0.7530904789960653
128,NII_CO_R,108,NII_CO_R_108,259.6298149074537,0.17,12.3,9.32,0.39147272289063134,92.40120875159506,358.5247757406571,0.724161431720021
129,NII_CO_R,108,NII_CO_R_108,259.6298149074537,0.2,13.16,9.97,0.465890177862758,96.50596949773579,373.95923824618154,0.694273033941032
130,NII_CO_R,108,NII_CO_R_108,259.6298149074537,0.22,12.96,9.82,0.44871691902303357,95.55871701785712,370.397439206445,0.7009492707716757
131,NII_CO_R,108,NII_CO_R_108,259.6298149074537,0.23,12.81,9.7,0.43497831195125847,94.80091503395423,367.5479999746559,0.7063834245468792
132,NII_CO_R,108,NII_CO_R_108,259.6298149074537,0.26,13.67,10.36,0.5105406508460238,98.96882594542015,383.2199157494958,0.6774956212796863
133,NII_CO_R,144,NII_CO_R_144,293.14657328664333,0.05,9.9,7.5,0.09589294486047381,85.23838360033463,333.0224002347665,0.8802608265389582
134,NII_CO_R,144,NII_CO_R_144,293.14657328664333,0.06,11.22,8.5,0.2103813371252732,91.55340013285876,356.7677271663421,0.8216734613721505
135,NII_CO_R,144,NII_CO_R_144,293.14657328664333,0.11,12.45,9.43,0.3168555419315478,97.42636550810637,378.8508812127085,0.7737782537241985
136,NII_CO_R,144,NII_CO_R_144,293.14657328664333,0.21,15.05,11.4,0.5423976746932068,109.86694807717886,425.62917526791244,0.6887370281939017
137,NII_CO_R,144,NII_CO_R_144,293.14657328664333,0.23,15.26,11.56,0.5607158174555799,110.87735072238266,429.4284275769645,0.6826436129082395
138,NII_CO_R,192,NII_CO_R_192,334.9174587293647,0.05,11.63,8.81,0.13718452241340007,98.90802782984359,386.2053304412466,0.8672005079440913
139,NII_CO_R,192,NII_CO_R_192,334.9174587293647,0.07,13.06,9.89,0.2608319860594164,105.72824568496964,411.8502835273491,0.8132019622784218
140,NII_CO_R,192,NII_CO_R_192,334.9174587293647,0.1,14.85,11.25,0.41653619953953636,114.31666816920243,444.1439281542919,0.7540741581702253
141,NII_CO_R,192,NII_CO_R_192,334.9174587293647,0.16,16.07,12.18,0.5230104043457994,120.1896335444498,466.2270822006571,0.718356937028427
142,NII_CO_R,192,NII_CO_R_192,334.9174587293647,0.17,16.48,12.48,0.5573569220252401,122.08413850420705,473.3506802801298,0.7075461654162194
143,NII_CO_R,192,NII_CO_R_192,334.9174587293647,0.21,18.42,13.95,0.7256548586544973,131.36721280701752,508.2563108695461,0.658953861598637
144,NI_BD_F,12,NI_BD_F_12,28.76438219109555,0.06,2.65,2.01,0.12524626026943417,17.900828738095232,57.49231484148979,0.5003169948957683
145,NI_BD_F,12,NI_BD_F_12,28.76438219109555,0.07,2.96,2.24,0.1490339501142389,19.479638044244044,62.88279731036325,0.4574284768078392
146,NI_BD_F,12,NI_BD_F_12,28.76438219109555,0.1,2.96,2.24,0.1490339501142389,19.479638044244044,62.88279731036326,0.45742847680783916
147,NI_BD_F,12,NI_BD_F_12,28.76438219109555,0.12,3.16,2.4,0.16558190826714542,20.577940170260636,65.96786772359637,0.43603625800999896
148,NI_BD_F,12,NI_BD_F_12,28.76438219109555,0.18,5.0,3.79,0.3093422947205413,30.11943989002945,97.00389815174381,0.2965281059746614
149,NI_BD_F,12,NI_BD_F_12,28.76438219109555,0.26,6.48,4.91,0.42517800179089726,37.80755477214538,121.65914521132198,0.23643419605761495
150,NI_BD_F,12,NI_BD_F_12,28.76438219109555,0.27,7.24,5.49,0.48516435009519737,41.78889997895534,134.42704101003216,0.21397764895344898
151,NI_BD_F,12,NI_BD_F_12,28.76438219109555,0.28,6.73,5.1,0.44482870209748027,39.11178854679001,125.84173176607185,0.22857586102331998
152,NI_BD_F,48,NI_BD_F_48,140.07003501750876,0.05,7.35,5.57,0.17366727272153185,58.216456995074175,188.21170275402457,0.7442153328827137
153,NI_BD_F,48,NI_BD_F_48,140.07003501750876,0.06,6.38,4.83,0.09713296626417199,53.13680966223245,172.13992254630853,0.8136987222114473
154,NI_BD_F,48,NI_BD_F_48,140.07003501750876,0.06,6.12,4.64,0.07748226595757263,51.83257588758604,168.01338438487224,0.8336837897190799
155,NI_BD_F,48,NI_BD_F_48,140.07003501750876,0.12,8.62,6.53,0.2729550216387936,64.80626975115678,209.06157978017558,0.6699941479672632
156,NI_BD_F,48,NI_BD_F_48,140.07003501750876,0.24,9.69,7.34,0.35672905978790265,70.36642426411264,226.73876908817797,0.6177595282041775
157,NI_BD_F,48,NI_BD_F_48,140.07003501750876,0.25,11.02,8.35,0.4611880456281387,77.29945643459219,248.69949819920737,0.5632099623510828
158,NI_BD_F,48,NI_BD_F_48,140.07003501750876,0.26,10.92,8.27,0.4529140665516832,76.75030537158398,246.9600345072448,0.5671769332920128
159,NI_BD_F,108,NI_BD_F_108,197.3486743371686,0.07,9.59,7.27,0.1849329866868513,78.05705183288754,252.62929951583027,0.7811788842996112
160,NI_BD_F,108,NI_BD_F_108,197.3486743371686,0.08,9.64,7.31,0.18906997622492355,78.33162736437754,253.4980443918921,0.778501762451784
161,NI_BD_F,108,NI_BD_F_108,197.3486743371686,0.1,10.36,7.85,0.24491933499091384,82.03839703967803,265.22610021911004,0.7440771257961937
162,NI_BD_F,108,NI_BD_F_108,197.3486743371686,0.12,9.9,7.5,0.2087206765316483,79.63586113903575,257.6245825533527,0.7660320004450613
163,NI_BD_F,108,NI_BD_F_108,197.3486743371686,0.13,11.53,8.74,0.33696735221692853,88.14770261568496,284.5556737122194,0.6935327339027296
164,NI_BD_F,108,NI_BD_F_108,197.3486743371686,0.17,12.3,9.32,0.3969537005212431,92.12904782249753,297.1524744155451,0.6641326972804928
165,NI_BD_F,108,NI_BD_F_108,197.3486743371686,0.2,13.16,9.97,0.464179780517085,96.59090020940376,311.3803189530364,0.6337866021870621
166,NI_BD_F,108,NI_BD_F_108,197.3486743371686,0.22,12.96,9.82,0.4486660697487201,95.5612419662636,308.11882453060684,0.6404953499281089
167,NI_BD_F,108,NI_BD_F_108,197.3486743371686,0.23,12.81,9.7,0.43625510113403954,94.73751537175127,305.50962899266284,0.6459654806556299
168,NI_BD_F,108,NI_BD_F_108,197.3486743371686,0.26,13.67,10.36,0.5045154285148004,99.26801164156913,319.8602044513548,0.6169841436688693
169,NI_BD_F,144,NI_BD_F_144,222.8614307153577,0.05,9.9,7.5,0.13542483887330284,83.27540587434487,269.871682255745,0.8258051710077613
170,NI_BD_F,144,NI_BD_F_144,222.8614307153577,0.06,11.22,8.5,0.23884957732901402,90.1397941619522,291.5903041580296,0.7642964376297514
171,NI_BD_F,144,NI_BD_F_144,222.8614307153577,0.11,12.45,9.43,0.33503458409284853,96.52367526942741,311.7886225271555,0.7147837176000461
172,NI_BD_F,144,NI_BD_F_144,222.8614307153577,0.21,15.05,11.4,0.5387813188504458,110.04652019599186,354.70284581430064,0.6283046029803591
173,NI_BD_F,144,NI_BD_F_144,222.8614307153577,0.23,15.26,11.56,0.5553292770033497,111.14482232200855,358.18177319822615,0.6222020420676766
174,NI_BD_F,192,NI_BD_F_192,254.6273136568284,0.05,11.63,8.81,0.17965074249912516,96.79934454467322,313.5719167732484,0.8120220594912385
175,NI_BD_F,192,NI_BD_F_192,254.6273136568284,0.07,13.06,9.89,0.2913494600316114,104.21288389531688,337.02802842777345,0.7555078277752086
176,NI_BD_F,192,NI_BD_F_192,254.6273136568284,0.1,14.85,11.25,0.4320071043311076,113.54845196643764,366.5653542148284,0.694630059085186
177,NI_BD_F,192,NI_BD_F_192,254.6273136568284,0.16,16.07,12.18,0.5281921110951913,119.93233307393864,386.76367258400694,0.6583537485711565
178,NI_BD_F,192,NI_BD_F_192,254.6273136568284,0.17,16.48,12.48,0.5592195326315491,121.99164956018292,393.412673279951,0.6472270238118042
179,NI_BD_F,192,NI_BD_F_192,254.6273136568284,0.21,18.42,13.95,0.7112538981614225,132.08230034295968,425.37531861976584,0.598594470603111
180,NI_BD_R,12,NI_BD_R_12,28.76438219109555,0.06,2.65,2.01,0.15718875499943655,16.314706766602995,84.76344287605468,0.5931228824942754
181,NI_BD_R,12,NI_BD_R_12,28.76438219109555,0.07,2.96,2.24,0.18803424468850807,17.54305717787463,91.03295763140281,0.5522740211556243
182,NI_BD_R,12,NI_BD_R_12,28.76438219109555,0.1,2.96,2.24,0.18803424468850807,17.54305717787463,91.03295763140281,0.5522740211556243
183,NI_BD_R,12,NI_BD_R_12,28.76438219109555,0.12,3.16,2.4,0.20949197664599753,18.39756181179669,95.39722041837989,0.527008411233521
184,NI_BD_R,12,NI_BD_R_12,28.76438219109555,0.18,5.0,3.79,0.3959060230266762,25.821070818994702,133.38341355812904,0.37692195924251326
185,NI_BD_R,12,NI_BD_R_12,28.76438219109555,0.26,6.48,4.91,0.5461101467290994,31.802603256449224,163.9604404639712,0.306629681077442
186,NI_BD_R,12,NI_BD_R_12,28.76438219109555,0.27,7.24,5.49,0.6238944250749962,34.9001825544167,179.7949722544963,0.2796248245341417
187,NI_BD_R,12,NI_BD_R_12,28.76438219109555,0.28,6.73,5.1,0.571591203428615,32.81732750923166,169.14761467121207,0.29722640586158344
188,NI_BD_R,48,NI_BD_R_48,140.07003501750876,0.05,7.35,5.57,0.19798599691712887,57.00889750130889,298.20792636425693,0.8236629200314346
189,NI_BD_R,48,NI_BD_R_48,140.07003501750876,0.06,6.38,4.83,0.09874398661374503,53.05681356941939,278.0052478728975,0.8835186144327762
190,NI_BD_R,48,NI_BD_R_48,140.07003501750876,0.06,6.12,4.64,0.07326292991421066,52.042089316636975,272.81807366565613,0.9003172264412307
191,NI_BD_R,48,NI_BD_R_48,140.07003501750876,0.12,8.62,6.53,0.3267323886620505,62.1359253048413,324.4168065692641,0.7571211060338872
192,NI_BD_R,48,NI_BD_R_48,140.07003501750876,0.24,9.69,7.34,0.43536215669685263,66.46185501407167,346.530549242239,0.7088056505921576
193,NI_BD_R,48,NI_BD_R_48,140.07003501750876,0.25,11.02,8.35,0.5708140896785056,71.85591551570482,374.00115622858357,0.6567434547062794
194,NI_BD_R,48,NI_BD_R_48,140.07003501750876,0.26,10.92,8.27,0.5600852236997591,71.4286631987438,371.81902483509504,0.6605977505175771
195,NI_BD_R,108,NI_BD_R_108,197.3486743371686,0.07,9.59,7.27,0.2012263935327665,77.24799384266217,404.44536222484436,0.8559205244411302
196,NI_BD_R,108,NI_BD_R_108,197.3486743371686,0.08,9.64,7.31,0.20659082652214084,77.4616200011428,405.5373989000534,0.8536156899023453
197,NI_BD_R,108,NI_BD_R_108,197.3486743371686,0.1,10.36,7.85,0.27901067187868517,80.3455731406296,420.2798940153697,0.8236727273244532
198,NI_BD_R,108,NI_BD_R_108,197.3486743371686,0.12,9.9,7.5,0.2320718832216511,78.47634425392513,410.72457310729385,0.8428350997466145
199,NI_BD_R,108,NI_BD_R_108,197.3486743371686,0.13,11.53,8.74,0.3983693058921911,85.0987551668212,444.5777100387621,0.778655966609503
200,NI_BD_R,108,NI_BD_R_108,197.3486743371686,0.17,12.3,9.32,0.4761535842380906,88.1963344647887,460.41224182928715,0.7518763731560957
201,NI_BD_R,108,NI_BD_R_108,197.3486743371686,0.2,13.16,9.97,0.5633256203154035,91.66775954009722,478.15783780142834,0.7239724190969595
202,NI_BD_R,108,NI_BD_R_108,197.3486743371686,0.22,12.96,9.82,0.5432089966052446,90.86666144579529,474.0627002693956,0.7302263737403342
203,NI_BD_R,108,NI_BD_R_108,197.3486743371686,0.23,12.81,9.7,0.5271156976371327,90.22578297035352,470.7865902437691,0.7353078734974722
204,NI_BD_R,108,NI_BD_R_108,197.3486743371686,0.26,13.67,10.36,0.6156288419617689,93.75061458528205,488.8051953847117,0.7082025514700552
205,NI_BD_R,144,NI_BD_R_144,222.8614307153577,0.05,9.9,7.5,0.13199752259365927,83.44559113069566,437.3634587102678,0.8938686233395431
206,NI_BD_R,144,NI_BD_R_144,222.8614307153577,0.06,11.22,8.5,0.2661083473279785,88.78624509270861,464.6643755904841,0.8413502159264183
207,NI_BD_R,144,NI_BD_R_144,222.8614307153577,0.11,12.45,9.43,0.3908314143308819,93.75305327738057,490.0542282890847,0.7977596155047316
208,NI_BD_R,144,NI_BD_R_144,222.8614307153577,0.21,15.05,11.4,0.6550297390574443,104.27414158254604,543.8370345431099,0.7188651156587939
209,NI_BD_R,144,NI_BD_R_144,222.8614307153577,0.23,15.26,11.56,0.6764874710149493,105.12864621646807,548.2051812439446,0.7131371357148889
210,NI_BD_R,192,NI_BD_R_192,254.6273136568284,0.05,11.63,8.81,0.18300905819091692,96.63258555009347,506.3146513845976,0.8823038410190278
211,NI_BD_R,192,NI_BD_R_192,254.6273136568284,0.07,13.06,9.89,0.32784874890394966,102.40049182906742,535.7996416152301,0.8337507661149998
212,NI_BD_R,192,NI_BD_R_192,254.6273136568284,0.1,14.85,11.25,0.5102394705426475,109.66378121740485,572.9288885723249,0.779718688638699
213,NI_BD_R,192,NI_BD_R_192,254.6273136568284,0.16,16.07,12.18,0.6349625375455632,114.63058940207712,598.3187412709268,0.746631069472982
214,NI_BD_R,192,NI_BD_R_192,254.6273136568284,0.17,16.48,12.48,0.675195784965787,116.23278559068108,606.5090163349903,0.7365485914460072
215,NI_BD_R,192,NI_BD_R_192,254.6273136568284,0.21,18.42,13.95,0.8723386973252588,124.0835469148399,646.4834682276762,0.6910050815460529
216,NI_CO_F,12,NI_CO_F_12,50.2751375687844,0.06,2.65,2.01,0.12159314675008955,18.08222607935812,56.830274119092095,0.5061454064222466
217,NI_CO_F,12,NI_CO_F_12,50.2751375687844,0.07,2.96,2.24,0.1446870104384868,19.695487701155834,62.08365551989728,0.4633165033569393
218,NI_CO_F,12,NI_CO_F_12,50.2751375687844,0.1,2.96,2.24,0.1446870104384868,19.695487701155834,62.08365551989728,0.4633165033569393
219,NI_CO_F,12,NI_CO_F_12,50.2751375687844,0.12,3.16,2.4,0.16075230691737938,20.81775665544976,65.51710110464734,0.4390362471189251
220,NI_CO_F,12,NI_CO_F_12,50.2751375687844,0.18,5.0,3.79,0.3003195700965189,30.567468195768264,95.34515962247012,0.30168686386379084
221,NI_CO_F,12,NI_CO_F_12,50.2751375687844,0.26,6.48,4.91,0.4127766454559145,38.4233508757848,119.3792787158261,0.2409495391538352
222,NI_CO_F,12,NI_CO_F_12,50.2751375687844,0.27,7.24,5.49,0.47101334519517035,42.49157583507789,131.8255189606974,0.21820040928245005
223,NI_CO_F,12,NI_CO_F_12,50.2751375687844,0.28,6.73,5.1,0.43185418502567074,39.75604525898809,123.45649534761023,0.232992052059352
224,NI_CO_F,48,NI_CO_F_48,245.6228114057029,0.05,7.35,5.57,0.1686018419412673,58.467983719021234,187.33514496556276,0.7476975825505534
225,NI_CO_F,48,NI_CO_F_48,245.6228114057029,0.06,6.38,4.83,0.09429984572652465,53.27748980542333,171.64965943135144,0.8160227959760534
226,NI_CO_F,48,NI_CO_F_48,245.6228114057029,0.06,6.12,4.64,0.07522230615785015,51.94479542220022,167.62230503742822,0.8356288561133476
227,NI_CO_F,48,NI_CO_F_48,245.6228114057029,0.12,8.62,6.53,0.26499362081496447,65.20159744481694,207.68388295598442,0.6744386373361219
228,NI_CO_F,48,NI_CO_F_48,245.6228114057029,0.24,9.69,7.34,0.3463241842391243,70.88308402590938,224.8531306353078,0.6229401148285107
229,NI_CO_F,48,NI_CO_F_48,245.6228114057029,0.25,11.02,8.35,0.44773636826212193,77.96740679989018,246.26169872933085,0.5687853033591772
230,NI_CO_F,48,NI_CO_F_48,245.6228114057029,0.26,10.92,8.27,0.439703720022679,77.40627232274316,244.56597056346766,0.5727290460516419
231,NI_CO_F,108,NI_CO_F_108,346.17308654327167,0.07,9.59,7.27,0.17953896380423529,78.324894976645,251.69587983762216,0.7840759032864787
232,NI_CO_F,108,NI_CO_F_108,346.17308654327167,0.08,9.64,7.31,0.1835552879238688,78.60546221521011,252.54374392053722,0.7814435284497259
233,NI_CO_F,108,NI_CO_F_108,346.17308654327167,0.1,10.36,7.85,0.23777566354016733,82.39311993595584,263.98990904012095,0.7475614316272056
234,NI_CO_F,108,NI_CO_F_108,346.17308654327167,0.12,9.9,7.5,0.20263282749289002,79.93815659846514,256.57109831452374,0.7691773377188574
235,NI_CO_F,108,NI_CO_F_108,346.17308654327167,0.13,11.53,8.74,0.3271388752042983,88.63574099424305,282.8548848854026,0.6977029030880041
236,NI_CO_F,108,NI_CO_F_108,346.17308654327167,0.17,12.3,9.32,0.38537557494022967,92.7039659535541,295.14891408790163,0.6686410314164123
237,NI_CO_F,108,NI_CO_F_108,346.17308654327167,0.2,13.16,9.97,0.4506408418855872,97.2631835803615,308.92670543551617,0.6388203766940511
238,NI_CO_F,108,NI_CO_F_108,346.17308654327167,0.22,12.96,9.82,0.4355796264366575,96.21105643571077,305.7472151245232,0.6454635220693454
239,NI_CO_F,108,NI_CO_F_108,346.17308654327167,0.23,12.81,9.7,0.4235306540774775,95.36935471999028,303.20362287572823,0.6508783518660475
240,NI_CO_F,108,NI_CO_F_108,346.17308654327167,0.26,13.67,10.36,0.48980000205287977,99.99871415645319,317.1933802440994,0.6221714784378443
241,NI_CO_F,144,NI_CO_F_144,390.9454727363682,0.05,9.9,7.5,0.1314748422133265,83.47154510963308,269.18814703694073,0.8279020943844693
242,NI_CO_F,144,NI_CO_F_144,390.9454727363682,0.06,11.22,8.5,0.23188294520637953,90.4857260739685,290.384749110227,0.7674694742001131
243,NI_CO_F,144,NI_CO_F_144,390.9454727363682,0.11,12.45,9.43,0.3252624809901439,97.00891437082171,310.0975890384252,0.7186815976429349
244,NI_CO_F,144,NI_CO_F_144,390.9454727363682,0.21,15.05,11.4,0.5230664438862734,110.82685087054752,351.8548951227689,0.6333901668117964
245,NI_CO_F,144,NI_CO_F_144,390.9454727363682,0.23,15.26,11.56,0.5391317403651718,111.94911982484125,355.24635145449497,0.6273433345701933
246,NI_CO_F,192,NI_CO_F_192,446.72336168084047,0.05,11.63,8.81,0.17441078918839278,97.05953727998148,312.6651583779687,0.8143769999118974
247,NI_CO_F,192,NI_CO_F_192,446.72336168084047,0.07,13.06,9.89,0.2828515404209898,104.63485272147307,335.55748861713624,0.7588187487818298
248,NI_CO_F,192,NI_CO_F_192,446.72336168084047,0.1,14.85,11.25,0.4194065604915751,114.17413883297343,364.38486743681364,0.6987867400969449
249,NI_CO_F,192,NI_CO_F_192,446.72336168084047,0.16,16.07,12.18,0.512786096275062,120.69732712980064,384.0977073649604,0.6629232842957005
250,NI_CO_F,192,NI_CO_F_192,446.72336168084047,0.17,16.48,12.48,0.5429085271729176,122.80158141909303,390.45668798693055,0.6521269105918127
251,NI_CO_F,192,NI_CO_F_192,446.72336168084047,0.21,18.42,13.95,0.6905084385726963,133.1124274366692,421.6156930346664,0.6039322488783458
252,NI_CO_R,12,NI_CO_R_12,50.2751375687844,0.06,2.65,2.01,0.1535984482892612,16.49298540156962,84.10941520676683,0.5977349556549958
253,NI_CO_R,12,NI_CO_R_12,50.2751375687844,0.07,2.96,2.24,0.18373940432005215,17.756319815336322,90.2555088007334,0.5570312353984079
254,NI_CO_R,12,NI_CO_R_12,50.2751375687844,0.1,2.96,2.24,0.18373940432005215,17.756319815336322,90.2555088007334,0.5570312353984079
255,NI_CO_R,12,NI_CO_R_12,50.2751375687844,0.12,3.16,2.4,0.2047070259062411,18.63516114662938,94.53640853440766,0.5318071455029536
256,NI_CO_R,12,NI_CO_R_12,50.2751375687844,0.18,5.0,3.79,0.3868632384385431,26.270095212355216,131.76126413932332,0.3815623498847421
257,NI_CO_R,12,NI_CO_R_12,50.2751375687844,0.26,6.48,4.91,0.5336365895437039,32.42198453150127,161.7228582964959,0.31087218033589337
258,NI_CO_R,12,NI_CO_R_12,50.2751375687844,0.27,7.24,5.49,0.6096442177945888,35.60778435748763,177.23868384217457,0.2836578137397636
259,NI_CO_R,12,NI_CO_R_12,50.2751375687844,0.28,6.73,5.1,0.5585356401776157,33.46560861242783,166.8056287338734,0.3013995268049068
260,NI_CO_R,48,NI_CO_R_48,245.6228114057029,0.05,7.35,5.57,0.1934638512121298,57.23344710901653,297.38851236755914,0.8259324122853942
261,NI_CO_R,48,NI_CO_R_48,245.6228114057029,0.06,6.38,4.83,0.09648860137479777,53.16880595172361,277.5965714716316,0.884819326490867
262,NI_CO_R,48,NI_CO_R_48,245.6228114057029,0.06,6.12,4.64,0.07158955074088631,52.12518187079698,272.5148569172717,0.9013189746211433
263,NI_CO_R,48,NI_CO_R_48,245.6228114057029,0.12,8.62,6.53,0.3192695807310338,62.506495096862146,323.06454380013724,0.7602902148174348
264,NI_CO_R,48,NI_CO_R_48,245.6228114057029,0.24,9.69,7.34,0.42541816501257723,66.95562933660868,344.72869532137963,0.7125104893769186
265,NI_CO_R,48,NI_CO_R_48,245.6228114057029,0.25,11.02,8.35,0.5577762762771326,72.50331524048688,371.65565565244265,0.6608881303703324
266,NI_CO_R,48,NI_CO_R_48,245.6228114057029,0.26,10.92,8.27,0.5472924654839282,72.06389457483404,369.5176096482101,0.6647120597027618
267,NI_CO_R,108,NI_CO_R_108,346.17308654327167,0.07,9.59,7.27,0.19663023478710184,77.4762186082104,403.61253704562347,0.8576866543274423
268,NI_CO_R,108,NI_CO_R_108,346.17308654327167,0.08,9.64,7.31,0.20187214018372063,77.69592894103715,404.6823716886471,0.8554192392882607
269,NI_CO_R,108,NI_CO_R_108,346.17308654327167,0.1,10.36,7.85,0.27263786303816845,80.66201843420117,419.12513936947636,0.8259420732052667
270,NI_CO_R,108,NI_CO_R_108,346.17308654327167,0.12,9.9,7.5,0.22677119081762212,78.7395530219637,409.76408624300666,0.844810704903936
271,NI_CO_R,108,NI_CO_R_108,346.17308654327167,0.13,11.53,8.74,0.3892702581129165,85.55057333959965,442.9289601767604,0.781554419934799
272,NI_CO_R,108,NI_CO_R_108,346.17308654327167,0.17,12.3,9.32,0.46527788636378853,88.73637316558506,458.4415625005925,0.7551084257174528
273,NI_CO_R,108,NI_CO_R_108,346.17308654327167,0.2,13.16,9.97,0.5504588490586452,92.30666607401257,475.8263754496991,0.7275197517500089
274,NI_CO_R,108,NI_CO_R_108,346.17308654327167,0.22,12.96,9.82,0.5308017038214561,91.48275232591799,471.8144955383814,0.7337059158139219
275,NI_CO_R,108,NI_CO_R_108,346.17308654327167,0.23,12.81,9.7,0.5150759876313715,90.82362132742539,468.60499160926753,0.7387311120064165
276,NI_CO_R,108,NI_CO_R_108,346.17308654327167,0.26,13.67,10.36,0.6015674266754484,94.44884181906279,486.2572632191414,0.711913451434168
277,NI_CO_R,144,NI_CO_R_144,390.9454727363682,0.05,9.9,7.5,0.12898260214894874,83.59529864727955,436.8171543290145,0.8949865381017171
278,NI_CO_R,144,NI_CO_R_144,390.9454727363682,0.06,11.22,8.5,0.26003023706452555,89.08805696795423,463.56302040462435,0.8433491359926177
279,NI_CO_R,144,NI_CO_R_144,390.9454727363682,0.11,12.45,9.43,0.38190453753587583,94.19632220617856,488.43667585492904,0.8004015506249231
280,NI_CO_R,144,NI_CO_R_144,390.9454727363682,0.21,15.05,11.4,0.6400683783194411,105.01705609791055,541.1260320238866,0.722466578209475
281,NI_CO_R,144,NI_CO_R_144,390.9454727363682,0.23,15.26,11.56,0.6610359999064056,105.89589742924417,545.4053705960732,0.7167979888227065
282,NI_CO_R,192,NI_CO_R_192,446.72336168084047,0.05,11.63,8.81,0.1788289967756259,96.84014877609756,505.5572231515951,0.8836257128243762
283,NI_CO_R,192,NI_CO_R_192,446.72336168084047,0.07,13.06,9.89,0.3203604424844221,102.77232776242393,534.4427585132461,0.8358675546911138
284,NI_CO_R,192,NI_CO_R_192,446.72336168084047,0.1,14.85,11.25,0.4985852259694554,110.24247907853962,570.8171363760664,0.7826032773244034
285,NI_CO_R,192,NI_CO_R_192,446.72336168084047,0.16,16.07,12.18,0.6204595264402505,115.35074431673516,595.6907918262704,0.7499249070331855
286,NI_CO_R,192,NI_CO_R_192,446.72336168084047,0.17,16.48,12.48,0.6597738169157397,116.99857181298168,603.7145516491067,0.7399579163042714
287,NI_CO_R,192,NI_CO_R_192,446.72336168084047,0.21,18.42,13.95,0.8524138402410824,125.07292654435322,642.8989895783989,0.6948577753618703
